id,domain,status,purchase_price,renewal_price,attractiveness,demand,length,registrar,created_at,expires_at,status_verified_at
0fbfbb1d-b7cc-4bfe-92c0-b6954f16672c,liang.ventures,available,20.99,59.99,high,low,5,namesilo,,,29/09/2026 22:32
c7bf2583-937d-4e85-8441-759fd7f77b29,resolvent.ventures,available,5.98,75.98,medium,low,9,namecheap,,,10/09/2026 13:54
d4e81670-87ab-464d-a430-f6d3f46aaa50,sharpe.ventures,available,20.99,59.99,medium,low,6,namesilo,,,26/09/2026 03:16
ab2d79e2-47b5-45e1-8103-1aaa9b1c2c0f,megabucks.ventures,available,5.98,75.98,high,low,9,namecheap,,,23/09/2026 14:11
db32cc64-f652-452f-97f2-75eb7b94e055,innately.ventures,available,5.98,75.98,medium,low,8,namecheap,,,15/09/2026 08:27
050e8437-bda7-4c34-a53f-a48aa47be351,confederacy.ventures,available,5.38,47.81,medium,low,11,spaceship,,,01/10/2026 22:53
130dc6c3-f659-48c3-9578-29604d3ebfef,accurst.ventures,available,5.98,75.98,medium,low,7,namecheap,,,
a1c01ea1-297f-49f4-bd12-7d6ded82f443,secrecy.ventures,available,20.99,59.99,high,low,7,namesilo,,,24/09/2026 17:03
a85f4a5e-4947-42f2-8616-6b4a5f7727f2,makeovers.ventures,available,20.99,59.99,medium,low,9,namesilo,,,21/09/2026 08:55
14569264-93dd-468e-b518-7b7f60aca58b,arises.ventures,available,5.38,47.81,low,low,6,spaceship,,,30/09/2026 07:05
2d0bb646-5eea-43cb-b195-c68e5862a807,pudding.ventures,available,5.38,47.81,high,low,7,spaceship,,,28/09/2026 15:09
91765747-6acf-4f7d-b387-8bdbdcb7cfb5,shockingly.ventures,available,5.98,75.98,medium,low,10,namecheap,,,16/09/2026 01:31
6523d254-6705-4a11-ab8a-643f4e8f1eef,bilingual.ventures,available,5.98,75.98,high,low,9,namecheap,,,09/08/2026 21:21
be2916ba-9283-4675-b953-c8851c05adb9,dourly.ventures,available,5.98,75.98,low,low,6,namecheap,,,14/09/2026 13:56
d6d69a97-c579-476b-b3d0-c5163bb4f924,noticeably.ventures,available,5.98,75.98,medium,low,10,namecheap,,,15/09/2026 16:56
9053cb6f-7143-47d7-9703-32fde2d384f5,geoff.ventures,available,20.99,59.99,medium,low,5,namesilo,,,28/09/2026 07:55
fb522782-0619-426b-b325-0868cf5fdde4,shrunk.ventures,available,20.99,59.99,medium,low,6,namesilo,,,01/10/2026 04:31
4c4d7ab4-7122-43f2-b0b3-ccb9d4611946,preferent.ventures,available,5.98,75.98,medium,low,9,namecheap,,,09/08/2026 17:55
1c4d2022-f2f5-4c18-95c9-e180ecdfe765,mosey.ventures,available,20.99,59.99,medium,low,5,namesilo,,,18/09/2026 17:00
f0768a74-be68-4638-8db2-baf24da587b3,charles.ventures,resell,,,high,medium,7,Dynadot Inc,20/06/2026 17:00,20/06/2027 17:00,29/09/2026 07:30
9570d606-0c40-43a5-9b57-93784d13950b,shoveler.ventures,available,20.99,59.99,medium,low,8,namesilo,,,19/09/2026 02:54
66d9818d-ed04-496d-a658-febfe8519a07,hanks.ventures,available,5.38,47.81,medium,low,5,spaceship,,,01/10/2026 19:55
126c3dfb-e8db-4969-acfb-073e8af132d0,concussion.ventures,available,5.57,49.44,high,low,10,dynadot,,,29/09/2026 10:35
8fdd3f90-ae55-407e-aa31-04504f5fd62c,bettong.ventures,available,5.98,75.98,medium,low,7,namecheap,,,23/09/2026 11:46
5482f31f-94ea-4a6a-acaf-4cec2a1149c1,spilled.ventures,available,5.38,47.81,low,low,7,spaceship,,,28/09/2026 23:49
e9b72559-d8da-451a-a6c8-6a164a171c5d,paralysis.ventures,available,5.38,47.81,medium,low,9,spaceship,,,29/09/2026 13:39
40f88949-443a-4f84-bd44-a7054ca5d8c6,manfred.ventures,available,5.38,47.81,high,low,7,spaceship,,,28/09/2026 07:56
56b9db19-2c8b-401d-8e32-ef9af0cb8f0a,achievements.ventures,available,5.57,49.44,medium,low,12,dynadot,,,30/09/2026 06:58
4dfd121b-e2d7-4218-ac9b-a23246d4bdfd,barnaby.ventures,available,5.38,47.81,high,low,7,spaceship,,,03/10/2026 04:44
d5e6e3e6-7b85-4d72-98bb-00a3d5697177,hutchins.ventures,available,5.38,47.81,medium,low,8,spaceship,,,28/09/2026 19:28
fa0b6c9d-f7d5-4ff8-ae53-3b9d6d1675e7,converted.ventures,available,20.99,59.99,high,low,9,namesilo,,,23/09/2026 00:43
082d0361-2ef1-44e3-8d47-7b1affacc666,waitress.ventures,available,46.2,46.2,high,low,8,cloudflare,,,27/09/2026 16:14
2549cfc7-2c56-45e2-aa49-b245e70e2326,perceptual.ventures,available,5.98,75.98,high,low,10,namecheap,,,08/09/2026 16:15
9d785db0-b99a-4534-bbe2-1796e1b10f7e,recording.ventures,available,5.66,47.89,high,low,9,porkbun,,,30/09/2026 09:21
49415724-a2fb-46e1-a9a9-67327f1e658a,was.ventures,available,20.99,59.99,medium,low,3,namesilo,,,02/10/2026 15:24
88a15741-85fa-4832-ba1f-bb7e408e4f78,eighteen.ventures,available,20.99,59.99,high,low,8,namesilo,,,21/09/2026 11:58
9291c5da-cc77-4bf5-8fb0-1de8ac2ac5f5,comrades.ventures,available,20.99,59.99,medium,low,8,namesilo,,,28/09/2026 13:07
d343d290-3ce9-45b9-ab85-7d1f83332e0e,abstruse.ventures,available,5.98,75.98,medium,low,8,namecheap,,,
9ddaf00a-bab0-47d7-affa-c9d41b513c46,oaten.ventures,available,5.98,75.98,medium,low,5,namecheap,,,03/09/2026 23:28
2a225075-b73b-49d3-842b-d964c95617f2,sport.ventures,resell,,,high,medium,5,"Sav.com, LLC - 38",29/02/2024 15:15,28/02/2027 15:15,26/09/2026 09:14
f9c46643-e297-4071-bc8c-9a29da000390,intellectuals.ventures,available,20.99,59.99,medium,low,13,namesilo,,,01/10/2026 00:59
32269a6f-1a36-41e7-ba4e-7b31d314bd6a,tvs.ventures,available,5.38,47.81,high,low,3,spaceship,,,30/09/2026 00:49
71dc09da-1f28-4470-a076-3a1d4b21c4b3,minty.ventures,available,5.98,75.98,high,low,5,namecheap,,,25/08/2026 00:53
9dc985a9-14cf-4b91-b5d4-94c4adcba310,blackened.ventures,available,5.98,75.98,medium,low,9,namecheap,,,10/08/2026 11:47
ceb2f5c6-2e95-4051-a976-d402d9573d1a,relieved.ventures,available,5.98,75.98,high,low,8,namecheap,,,
d6c3600f-97dc-454b-828f-c17740262bed,diachronic.ventures,available,5.98,75.98,medium,low,10,namecheap,,,14/08/2026 05:38
d8cdd75d-d07f-4ce0-a9ca-f6a2b56ff2d4,refused.ventures,available,5.98,75.98,medium,low,7,namecheap,,,18/09/2026 13:40
b20e3eb0-d66b-4b96-bd31-6fffaa4c49f1,selected.ventures,available,5.57,49.44,high,low,8,dynadot,,,27/09/2026 19:50
fd68575c-86c1-4030-888b-64fe6b79a2c6,licking.ventures,available,5.98,75.98,medium,low,7,namecheap,,,13/09/2026 11:11
334e8d45-b501-4e1f-b50d-8297e7bf193b,rattlesnake.ventures,available,5.98,75.98,high,low,11,namecheap,,,30/09/2026 03:33
a800f057-82d3-49cc-af3d-4834efd038d2,destroy.ventures,available,20.99,59.99,high,low,7,namesilo,,,25/09/2026 10:30
71f72f74-5b87-4a48-8f8f-321079578c23,catenulate.ventures,available,5.98,75.98,medium,low,10,namecheap,,,11/08/2026 21:32
795994ef-72fa-429d-a712-cfb5098b9670,reade.ventures,available,46.2,46.2,medium,low,5,cloudflare,,,30/09/2026 21:52
743ed763-a6ed-461e-a3db-812870052d1e,asmera.ventures,available,20.99,59.99,medium,low,6,namesilo,,,20/09/2026 14:30
3931f944-be9f-4593-b447-8d35c60923bc,croatian.ventures,available,5.98,75.98,high,low,8,namecheap,,,13/08/2026 07:32
5183274d-bfcb-4cb2-bd98-8c642fa3a514,engraving.ventures,available,46.2,46.2,high,low,9,cloudflare,,,30/09/2026 09:33
19381918-120b-4a9e-a650-75c0fd00cde0,stiff.ventures,available,5.98,75.98,medium,low,5,namecheap,,,09/08/2026 16:54
37be091e-69dc-4ef5-92fb-815295147052,dolomite.ventures,available,20.99,59.99,medium,low,8,namesilo,,,23/09/2026 23:01
0b220b25-37b5-4071-b308-9b2dc6044e8a,scoops.ventures,available,5.98,75.98,medium,low,6,namecheap,,,20/09/2026 12:19
e70951e1-487a-48b3-8151-198f6e7e4f7e,endow.ventures,available,20.99,59.99,high,low,5,namesilo,,,24/09/2026 23:37
fe3e21ba-ef04-44dc-9abe-9ef10accd72a,japanese.ventures,available,5.98,75.98,high,low,8,namecheap,,,22/08/2026 12:22
a3ec4d0b-6b5e-40bc-9514-d97e2b0285c6,riddled.ventures,available,5.98,75.98,medium,low,7,namecheap,,,09/09/2026 17:19
d5d48eda-7d5a-4c2c-9358-a6ba72c141e1,thinks.ventures,available,20.99,59.99,high,low,6,namesilo,,,18/09/2026 15:23
0d4f84a1-301b-4a44-bf61-d50550fb4ca3,subconscious.ventures,available,46.2,46.2,high,low,12,cloudflare,,,30/09/2026 03:47
e81bb616-b83b-4e5f-9ae2-63d73eb502d0,fugitive.ventures,available,5.98,75.98,high,low,8,namecheap,,,18/08/2026 07:53
61ee10d7-3ff3-416d-b47f-ab2b9a041c49,octagonal.ventures,available,5.98,75.98,medium,low,9,namecheap,,,04/09/2026 00:37
d03a554b-f19a-4958-87cb-c318df4af05b,ingredient.ventures,available,20.99,59.99,high,low,10,namesilo,,,24/09/2026 16:51
74cedaea-9f66-42bc-8163-62384a28b3e3,postal.ventures,available,5.98,75.98,high,low,6,namecheap,,,09/09/2026 00:18
ce22c76c-4050-4e37-95ed-224bee241925,drowning.ventures,available,20.99,59.99,medium,low,8,namesilo,,,27/09/2026 17:38
0304a7ce-95c9-401d-a2ad-1b05ba462583,wiggle.ventures,available,5.38,47.81,high,low,6,spaceship,,,02/10/2026 05:31
d4bd061a-c9aa-4c71-b76b-94c7d5a7f025,hum.ventures,available,5.57,49.44,high,low,3,dynadot,,,28/09/2026 19:52
5f2cc868-c195-4f95-9e3b-b85e06e70685,resume.ventures,available,20.99,59.99,high,low,6,namesilo,,,24/09/2026 04:16
80716358-05ab-4c56-ab10-bd5168e9babf,salerno.ventures,available,20.99,59.99,medium,low,7,namesilo,,,29/09/2026 08:00
a4bac657-8c02-40fa-8661-de85a3b0f71a,nonverbal.ventures,available,5.98,75.98,medium,low,9,namecheap,,,03/09/2026 21:00
f62f67fd-1739-4e04-bd29-8a5ff650e397,krai.ventures,available,5.98,75.98,medium,low,4,namecheap,,,30/09/2026 04:19
dec43717-e581-4cc8-81ec-97c02c37f510,palate.ventures,available,20.99,59.99,high,low,6,namesilo,,,02/10/2026 16:19
76841114-1130-4593-845b-afc434449a83,laval.ventures,available,20.99,59.99,medium,low,5,namesilo,,,28/09/2026 05:09
5bff6ed3-5557-48fb-8524-abc5a39b038a,antipode.ventures,available,20.99,59.99,medium,low,8,namesilo,,,19/09/2026 14:58
51d179f5-16a1-4ea8-9410-91b690eec3d8,craftsman.ventures,available,20.99,59.99,high,low,9,namesilo,,,20/09/2026 11:49
6f018a9d-41e7-452d-b646-ac42eb03785a,aliform.ventures,available,5.98,75.98,medium,low,7,namecheap,,,
ebca642b-c442-4f5c-b837-5df2422244c7,garbled.ventures,available,5.98,75.98,medium,low,7,namecheap,,,14/08/2026 11:20
0732527a-05c1-4775-b819-17457997fca1,woodenly.ventures,available,5.98,75.98,low,low,8,namecheap,,,14/09/2026 21:56
0a072fd4-4708-4413-987e-2ab4ea10b0cf,tempering.ventures,available,5.98,75.98,medium,low,9,namecheap,,,11/09/2026 10:56
3ce6db8d-4db1-46b0-9049-2ad63ac4f7b5,extempore.ventures,available,5.98,75.98,medium,low,9,namecheap,,,
0f8c8a38-8130-4754-ae66-ebfb941b3a9d,fireproof.ventures,available,5.98,75.98,high,low,9,namecheap,,,18/08/2026 05:07
e65e5961-d890-4696-81e8-138d47319d0d,autarchy.ventures,available,20.99,59.99,medium,low,8,namesilo,,,21/09/2026 05:05
c4944a2f-5250-41f6-baa1-aa29eb888965,when.ventures,available,5.38,47.81,high,low,4,spaceship,,,30/09/2026 22:54
9c39a1ec-7440-4f84-8f2d-a7109631fa86,size.ventures,available,20.99,59.99,high,low,4,namesilo,,,27/09/2026 22:17
f034d7af-7d2e-4a0c-96c3-cb3adf83fbc4,tierce.ventures,available,5.98,75.98,medium,low,6,namecheap,,,
374dd58a-45b2-4a3a-ad3f-50b013a8bf0f,tethered.ventures,available,5.98,75.98,medium,low,8,namecheap,,,11/09/2026 12:10
9caaa0cb-4895-4bb5-9b58-772544033af2,sandinista.ventures,available,5.38,47.81,medium,low,10,spaceship,,,01/10/2026 23:29
848af7ea-dd56-46b9-8bdd-26a528ace906,sampling.ventures,available,5.98,75.98,high,low,8,namecheap,,,30/09/2026 02:46
ec7a7007-0468-422e-a0cd-f48f7a3787b3,deface.ventures,available,5.98,75.98,medium,low,6,namecheap,,,24/09/2026 05:35
65056532-8d14-47ee-b5f9-91b2e45139ae,ect.ventures,available,20.99,59.99,high,low,3,namesilo,,,30/09/2026 09:31
db27de6d-1d38-411e-87b4-0080bbaea5a1,refinery.ventures,available,20.99,59.99,high,low,8,namesilo,,,30/09/2026 02:41
47ea04b4-143c-414d-8bb9-ca3774ac0922,beaufort.ventures,available,46.2,46.2,high,low,8,cloudflare,,,30/09/2026 13:16
04ea73f0-26e6-4964-845d-65bef6294938,aquaculture.ventures,available,5.57,49.44,high,low,11,dynadot,,,02/10/2026 21:37
81816284-b3e0-4902-bae6-67a033a89e68,succinctly.ventures,available,20.99,59.99,medium,low,10,namesilo,,,16/09/2026 07:34
3e3fd711-1b4f-4dd4-a5e4-8ecd937ed310,winged.ventures,available,5.98,75.98,high,low,6,namecheap,,,13/09/2026 12:29
7f15accd-151d-4858-a376-b60a98a931d5,challenges.ventures,available,5.38,47.81,medium,low,10,spaceship,,,29/09/2026 11:27
a9afc75c-09d6-4eab-97eb-432bd5c08f66,seas.ventures,available,19.99,,medium,low,4,name.com,,,
51f953fa-720e-473d-ae67-47c26e2ecdce,wartime.ventures,available,5.38,47.81,medium,low,7,spaceship,,,02/10/2026 21:07
dd2d1837-d44d-4c40-bf15-5d6e0c248dd2,russ.ventures,available,5.38,47.81,high,low,4,spaceship,,,27/09/2026 18:02
9ff6a435-25ce-49cf-a536-f781172efadb,casts.ventures,available,20.99,59.99,medium,low,5,namesilo,,,01/10/2026 00:30
ce167c76-f1f3-46c5-8c07-8c6102b0fb00,hathaway.ventures,available,20.99,59.99,high,low,8,namesilo,,,19/09/2026 10:18
c4e79a33-0d7f-45b4-913a-9f5e32bc0bf1,announcements.ventures,available,5.38,47.81,low,low,13,spaceship,,,30/09/2026 06:45
344284f4-0ab5-4b77-8ce2-a8f3bdd81a27,thundering.ventures,available,5.98,75.98,high,low,10,namecheap,,,11/09/2026 15:14
19f23a9c-c06f-4edf-8374-dd8775d51dbb,alhambra.ventures,available,20.99,59.99,high,low,8,namesilo,,,18/09/2026 07:18
10be02fc-342c-4730-ae05-ea8acda7b50a,heine.ventures,available,5.57,49.44,high,low,5,dynadot,,,29/09/2026 15:16
3dbc629c-eff5-44c8-b425-0f54ed85e440,microwave.ventures,available,20.99,59.99,high,low,9,namesilo,,,30/09/2026 04:20
4486957b-52df-4a0e-8ac0-cbfff5a2ca97,dipper.ventures,available,20.99,59.99,high,low,6,namesilo,,,23/09/2026 14:29
5b4a8dea-24d2-47d5-b570-414902361ed2,starred.ventures,available,5.98,75.98,medium,low,7,namecheap,,,07/08/2026 08:52
045daada-0576-4a0c-b03d-af390b86d908,wilderness.ventures,premium,207.2,207.2,high,low,10,spaceship,,,28/09/2026 15:33
8771e5ff-28de-4a92-8638-5df64ee0c91b,blamed.ventures,available,5.98,75.98,medium,low,6,namecheap,,,10/08/2026 12:39
feb41dcf-feb3-41c0-9ed7-16b15515bdb1,slippy.ventures,available,5.98,75.98,medium,low,6,namecheap,,,10/09/2026 11:03
fec8715c-6074-44f4-a055-719be5b77960,event.ventures,available,5.38,47.81,high,medium,5,spaceship,,,29/09/2026 08:05
c4003814-59d2-4b8f-b0f9-2b6839733ac8,recluse.ventures,available,5.98,75.98,high,low,7,namecheap,,,09/09/2026 11:38
d5b8b83a-d869-4d4c-95e9-26caf7d1fd4b,fancy.ventures,resell,19.99,,high,low,5,"Spaceship, Inc.",19/05/2026 10:21,19/05/2027 10:21,26/09/2026 06:00
63e203a9-5c64-417e-a639-86194db0a400,adverb.ventures,available,20.99,59.99,high,low,6,namesilo,,,17/09/2026 10:43
6a46a8d5-0fd4-4bdd-9310-8704939bf56f,awhile.ventures,available,5.57,49.44,medium,low,6,dynadot,,,28/09/2026 13:12
8a2c077c-8e7d-459d-83b4-d9004325e2cc,unhappiness.ventures,available,19.99,,medium,low,11,name.com,,,
4b133575-ad63-407c-a9ea-38dc34bcd8fe,compulsion.ventures,available,5.57,49.44,medium,low,10,dynadot,,,01/10/2026 19:03
a7b303b3-ed3d-4314-ac50-2fb6e29eb4ab,chesterton.ventures,available,5.66,47.89,medium,low,10,porkbun,,,30/09/2026 09:08
d95bdba3-c53e-4314-bd35-6d647cd18ad4,serous.ventures,available,5.98,75.98,medium,low,6,namecheap,,,10/09/2026 04:43
f00b0ba1-ea6d-4154-a441-7daaf4506f90,malin.ventures,available,5.57,49.44,medium,low,5,dynadot,,,02/10/2026 19:21
18da7931-e3b2-426f-8fcc-697a09c63176,mutiny.ventures,available,5.38,47.81,high,low,6,spaceship,,,29/09/2026 13:30
692d26a6-fe7e-4710-96a1-4afa95a788d8,humour.ventures,available,20.99,59.99,high,low,6,namesilo,,,24/09/2026 06:31
008d28c2-fa52-4daf-8ed0-0522e7d693f6,impediment.ventures,available,5.98,75.98,medium,low,10,namecheap,,,14/08/2026 04:53
0f5dc739-68d2-4567-85d0-d9bd48b7c4a4,fleets.ventures,available,20.99,59.99,medium,low,6,namesilo,,,02/10/2026 23:02
64e5586c-5585-4f86-b7b4-4eefb1764af7,hate.ventures,available,20.99,59.99,high,low,4,namesilo,,,29/09/2026 22:17
6323f964-4548-4729-9baf-eb30c8e2f672,anybody.ventures,available,20.99,59.99,medium,low,7,namesilo,,,01/10/2026 00:36
303401d9-d559-4fc9-bc09-7ab4b68b6503,huey.ventures,available,46.2,46.2,high,low,4,cloudflare,,,28/09/2026 21:17
24995afc-aaae-4497-bd6f-e827baa8b7fd,ambages.ventures,available,20.99,59.99,medium,low,7,namesilo,,,18/09/2026 16:24
4bab7d5b-18b6-4765-91a4-d61ca2ee1823,sars.ventures,available,46.2,46.2,medium,low,4,cloudflare,,,29/09/2026 20:17
19cad880-20c6-4fab-9dbf-b2a1dc0f3412,audibly.ventures,available,5.98,75.98,medium,low,7,namecheap,,,13/09/2026 22:44
7ff5d6fa-6323-4143-946a-bb3a74b94b2f,shaken.ventures,available,5.98,75.98,high,low,6,namecheap,,,10/09/2026 05:44
ca26cb49-a191-4c5a-a7fb-4a7accdff07f,netlike.ventures,available,5.98,75.98,medium,low,7,namecheap,,,03/09/2026 16:00
34d93c96-7327-4c8d-89dc-ad386cbebe0d,adjustments.ventures,available,5.98,75.98,medium,low,11,namecheap,,,30/09/2026 00:44
905200a8-8f01-40ee-b9c3-2f1bcc8e09bd,eviscerate.ventures,available,5.98,75.98,medium,low,10,namecheap,,,17/08/2026 15:10
f5d08a28-676b-4a2f-b44c-a2c7027f3b50,down.ventures,available,5.98,75.98,high,low,4,namecheap,,,24/09/2026 11:53
d7109c60-6bf0-4d39-bbce-6af94338f0c5,valuator.ventures,available,5.98,75.98,high,low,8,namecheap,,,19/09/2026 22:13
7be9ed62-6e4c-4617-bd2a-dda8a3f50e8f,claiming.ventures,available,5.38,47.81,high,low,8,spaceship,,,28/09/2026 11:29
6d67ea7b-cb35-4953-9c20-8a4eed7c3e34,stood.ventures,available,19.99,,medium,low,5,name.com,,,
d1f17359-7177-497a-b069-acce7019d71a,clergy.ventures,available,5.57,49.44,high,low,6,dynadot,,,29/09/2026 09:59
a8e41c01-222c-4fb4-a45f-d3520ad5a043,prick.ventures,available,5.98,75.98,medium,low,5,namecheap,,,08/08/2026 23:38
6600b733-ea4d-46bd-a205-7d1344523458,perceptions.ventures,available,5.38,47.81,medium,low,11,spaceship,,,02/10/2026 03:23
189f1903-ea1c-49cd-82a6-c7412ddeb6d0,climbable.ventures,available,5.98,75.98,medium,low,9,namecheap,,,07/08/2026 00:10
0aaa06d9-d953-49ea-96b5-a8ff4220d707,wakefield.ventures,available,20.99,59.99,high,low,9,namesilo,,,25/09/2026 12:26
2e343abc-f99d-4894-9298-fdd0c79521c5,injurious.ventures,available,5.98,75.98,medium,low,9,namecheap,,,14/08/2026 00:30
ca19425e-f76d-4365-94a9-b0c2d2e15ba1,gdr.ventures,available,20.99,59.99,high,low,3,namesilo,,,28/09/2026 07:11
2432a872-37a6-49bf-a5e2-bc63a1d43b89,please.ventures,available,5.98,75.98,high,low,6,namecheap,,,15/09/2026 20:27
d20fb4d7-0773-4848-9248-b3f4e9ad63bd,invite.ventures,available,5.57,49.44,high,low,6,dynadot,,,30/09/2026 00:22
11019520-4ce9-4da0-9964-dcc3c03295bb,floods.ventures,available,5.98,75.98,low,low,6,namecheap,,,18/09/2026 19:03
173425ec-1210-44e7-b71e-424da1e10991,capped.ventures,available,5.98,75.98,medium,low,6,namecheap,,,11/08/2026 18:02
3eebeb19-8f44-4626-9911-a46df6137ee3,slr.ventures,available,20.99,59.99,high,low,3,namesilo,,,02/10/2026 02:08
7c482ab3-2132-4c89-a1ab-372cdaabf814,daedal.ventures,available,9.99,77.99,medium,low,6,name.com,,,13/08/2026 15:30
f1fea367-fac0-48b9-ab91-06d3f9f44823,pull.ventures,available,20.99,59.99,high,low,4,namesilo,,,29/09/2026 16:48
28a946d7-58f8-41dc-b89a-5154e6f33b1d,rescued.ventures,available,5.98,75.98,high,low,7,namecheap,,,09/09/2026 11:35
b68c0429-2a4e-41e1-b638-4c322456cc51,zesty.ventures,available,5.98,75.98,high,low,5,namecheap,,,08/08/2026 20:02
14b91d50-b8ac-4c8b-b855-3a0c75f4df69,terrorist.ventures,available,20.99,59.99,medium,low,9,namesilo,,,25/09/2026 10:50
2f093bbe-b545-4e60-95cf-8fbbd8880efb,moved.ventures,available,46.2,46.2,high,low,5,cloudflare,,,01/10/2026 19:16
76acac9d-e4b6-4624-9286-2c5d35d90670,greenpeace.ventures,available,46.2,46.2,high,low,10,cloudflare,,,30/09/2026 17:30
8b1d5501-8d3c-402c-8fdb-7ec0fb942e49,implanted.ventures,available,5.98,75.98,medium,low,9,namecheap,,,13/08/2026 22:47
bfc4ced1-b44e-47fa-8ef7-54cc0ff58f19,arrival.ventures,available,5.98,75.98,high,low,7,namecheap,,,20/09/2026 09:13
973676d2-1ab0-4aea-8956-44e37d31e9c6,uncaused.ventures,available,5.98,75.98,medium,low,8,namecheap,,,18/08/2026 12:45
924e6f08-8512-4b3f-98e9-c65b4b60fa14,sake.ventures,available,20.99,59.99,high,low,4,namesilo,,,27/09/2026 05:08
375c2538-1d06-460e-b056-034e5244de03,aye.ventures,available,20.99,59.99,medium,low,3,namesilo,,,29/09/2026 14:22
1a23f5f4-4415-4f6c-9132-ed893cd6d2b7,timetables.ventures,available,20.99,59.99,medium,low,10,namesilo,,,20/09/2026 12:23
2936459d-819c-48c7-bf43-1537c9b63c67,laying.ventures,available,20.99,59.99,high,low,6,namesilo,,,25/09/2026 22:34
1aa66cae-b236-4732-834c-1d48c882b768,nutty.ventures,available,5.98,75.98,medium,low,5,namecheap,,,06/08/2026 21:27
83d63b1a-9b6e-4adc-8a56-5d1302c2b397,vendor.ventures,available,5.98,75.98,high,low,6,namecheap,,,02/10/2026 05:34
56ac96e3-277b-4fd2-af74-606c0f7797f9,shopping.ventures,resell,,,high,low,8,Dynadot Inc,24/04/2021 13:07,24/04/2027 13:07,30/09/2026 11:13
3ddac4db-7f1d-4c01-9509-8bce96d9622a,cantala.ventures,available,20.99,59.99,medium,low,7,namesilo,,,17/09/2026 16:42
c03b9022-0617-4f16-b58e-656327bb1bba,accessary.ventures,available,5.98,75.98,medium,low,9,namecheap,,,
1b791e14-8838-4e35-a5ac-ee1b06579ea1,shakedown.ventures,available,5.98,75.98,medium,low,9,namecheap,,,10/09/2026 05:40
452c4c08-23fa-423d-aedf-ad35b747f92f,aerobe.ventures,available,5.98,75.98,medium,low,6,namecheap,,,17/09/2026 12:54
19a6af81-dfb7-4ffb-a5b9-2bb2701bcd8f,barony.ventures,available,20.99,59.99,medium,low,6,namesilo,,,22/09/2026 07:36
622ccd6f-30a8-4a98-a788-f60d24edfc70,carved.ventures,available,5.98,75.98,high,low,6,namecheap,,,11/08/2026 19:57
66f8d47c-31bd-4a04-b26b-b26d285b1133,lxxxi.ventures,available,5.98,75.98,medium,low,5,namecheap,,,
44c8e89c-542e-40b5-9dea-37c7dbe89d64,producing.ventures,available,5.66,47.89,medium,low,9,porkbun,,,03/10/2026 01:20
8ab6e060-c8e7-4c94-9b70-c62c2286185d,marissa.ventures,available,46.2,46.2,high,low,7,cloudflare,,,02/10/2026 19:27
1b9525e1-cb9c-4757-95fe-3eea7582c925,fatten.ventures,available,5.98,75.98,high,low,6,namecheap,,,17/08/2026 23:09
2062779a-1c07-4f2f-bce4-0fa65afd62e3,astatic.ventures,available,5.98,75.98,medium,low,7,namecheap,,,07/08/2026 08:36
f91baf84-e7da-4899-ae42-a4383e93283a,sncc.ventures,available,20.99,59.99,medium,low,4,namesilo,,,03/10/2026 04:26
842ac136-e7a1-486a-a3e3-f9f9e7b77e85,skimmed.ventures,available,5.98,75.98,medium,low,7,namecheap,,,10/09/2026 09:34
c59d9bea-6c43-47f6-b733-7108b8e3adae,dripless.ventures,available,5.98,75.98,medium,low,8,namecheap,,,14/08/2026 19:31
4e5ac19f-febe-43ad-b67a-fdb56a7a0315,phantasmal.ventures,available,5.98,75.98,medium,low,10,namecheap,,,06/08/2026 05:33
8143089c-9133-4ad2-bdad-489ca7c18fda,antwerpen.ventures,available,20.99,59.99,medium,low,9,namesilo,,,19/09/2026 15:48
c435e5b7-a719-4998-9007-ab41da13922d,buccal.ventures,available,5.98,75.98,medium,low,6,namecheap,,,11/08/2026 07:27
fd74b92b-c674-484a-8be2-7c81f1236b2c,orphans.ventures,available,5.38,47.81,low,low,7,spaceship,,,28/09/2026 18:19
838dca88-8c64-4641-a0a3-057cdb69570b,tacitus.ventures,available,46.2,46.2,high,low,7,cloudflare,,,29/09/2026 07:01
cc257c90-5d8a-48c1-bd62-cc702436473b,past.ventures,available,20.99,59.99,high,low,4,namesilo,,,27/09/2026 02:57
315ee9ad-acfb-48e5-bc6f-7bb01b88d12b,efl.ventures,available,20.99,59.99,high,low,3,namesilo,,,29/09/2026 09:34
661ce62e-ee95-4892-8e42-f3df139df203,supporters.ventures,available,5.38,47.81,medium,low,10,spaceship,,,30/09/2026 07:11
98301e5a-73b8-4333-b4d0-059c79a6f399,wiped.ventures,available,46.2,46.2,low,low,5,cloudflare,,,28/09/2026 04:58
11e6ae27-600d-4369-81d9-7661759dcd9e,charcoal.ventures,available,5.98,75.98,high,low,8,namecheap,,,12/08/2026 02:24
5e6780bf-1610-4cd4-a3e2-1b6b4f6785af,barrels.ventures,available,20.99,59.99,high,low,7,namesilo,,,22/09/2026 08:23
ba993f0e-ef09-491f-9374-c7b9415a4300,isaiah.ventures,available,5.98,75.98,high,low,6,namecheap,,,24/09/2026 06:53
87c73d36-01c4-4012-80d1-bfbf4c6a5d07,refusing.ventures,available,20.99,59.99,low,low,8,namesilo,,,17/09/2026 15:40
9039b6ea-b037-47a3-8ad4-d94e6d9bae92,largest.ventures,available,5.38,47.81,medium,low,7,spaceship,,,27/09/2026 21:38
f94664fb-cef9-47a7-ba05-2c639658b166,alsatian.ventures,available,5.98,75.98,medium,low,8,namecheap,,,
05665371-360b-473e-9dc1-d118507f781f,ballpoint.ventures,available,20.99,59.99,high,low,9,namesilo,,,21/09/2026 23:21
2c050ede-f93a-4e9b-89e4-30ee5e4d32d4,acad.ventures,available,20.99,59.99,high,low,4,namesilo,,,29/09/2026 10:57
62142dab-4cae-45c2-9f1e-fb9dfcf4bb78,busted.ventures,available,20.99,59.99,medium,low,6,namesilo,,,23/09/2026 12:06
3fc7359d-ee2c-4d81-a9c9-7a526d99a325,meteoric.ventures,available,5.98,75.98,high,low,8,namecheap,,,24/08/2026 21:53
0c80fcf8-297f-493b-a6bd-9f82dbbf8f58,zuckerman.ventures,available,5.38,47.81,medium,low,9,spaceship,,,02/10/2026 00:34
6672451f-80d5-4cb1-94c0-1f41d4849f3d,slavic.ventures,available,5.98,75.98,high,low,6,namecheap,,,10/09/2026 10:36
3b0dbd20-901a-4e3a-932b-f34069454a3e,russian.ventures,available,46.2,46.2,high,low,7,cloudflare,,,27/09/2026 17:35
243f1f51-a1b4-4ce0-b0a7-b6620a50c3d8,gymnasium.ventures,available,20.99,59.99,high,low,9,namesilo,,,29/09/2026 01:11
cc080827-b202-47e2-8680-4398b6ce0e9a,referral.ventures,available,46.2,46.2,high,low,8,cloudflare,,,01/10/2026 21:29
4a6bdb99-e79b-47a6-8e39-f7422c63cffd,biohazard.ventures,available,5.98,75.98,medium,low,9,namecheap,,,23/09/2026 18:14
01feaa5e-a44b-4448-8d30-abc44c7ea148,issus.ventures,available,20.99,59.99,medium,low,5,namesilo,,,22/09/2026 15:11
f1b09a06-9bd3-436e-9dd2-aea22855a714,perforation.ventures,available,5.38,47.81,medium,low,11,spaceship,,,03/10/2026 06:11
331905c1-b18e-4f3c-8976-90a572dff049,bunch.ventures,available,46.2,46.2,high,low,5,cloudflare,,,29/09/2026 05:23
ff02cd51-f1cc-4fb5-8672-bbda8344d7bc,gooney.ventures,available,20.99,59.99,medium,low,6,namesilo,,,23/09/2026 23:44
88de14cf-0083-4a40-ac7f-1d21ea3e0b71,spell.ventures,available,20.99,59.99,high,low,5,namesilo,,,24/09/2026 22:24
a8f491eb-5231-4134-8b70-18a18f88d1fd,columbo.ventures,available,5.98,75.98,medium,low,7,namecheap,,,18/09/2026 19:32
d8299b48-3abb-4759-a258-0b09d70256a5,announcing.ventures,available,5.38,47.81,medium,low,10,spaceship,,,29/09/2026 05:34
b8092df4-7cbf-4999-9278-1e9e794131d8,organizers.ventures,available,5.57,49.44,medium,low,10,dynadot,,,02/10/2026 13:07
8a3e7555-99d8-4179-8d67-43025ebc3afa,bollard.ventures,available,20.99,59.99,medium,low,7,namesilo,,,23/09/2026 22:48
75254ca5-fb3e-4ba9-8bd5-f7022e695569,cheesecake.ventures,available,5.98,75.98,high,low,10,namecheap,,,24/09/2026 14:12
168e6d5e-991b-4c32-acd7-d2d5b0c23155,hurtful.ventures,available,5.98,75.98,medium,low,7,namecheap,,,14/08/2026 00:28
9ac6579b-1d81-4218-ad74-11e52d100053,bilge.ventures,available,5.98,75.98,medium,low,5,namecheap,,,23/09/2026 15:50
9a091a0f-b499-4c32-aa91-90d0f86ae68d,severance.ventures,available,5.38,47.81,medium,low,9,spaceship,,,02/10/2026 04:48
59bc000b-99b8-4b72-860e-d20018573a8f,gives.ventures,available,20.99,59.99,medium,low,5,namesilo,,,18/09/2026 13:54
134d672f-16d3-4201-addd-b8bf087fa07b,supergroup.ventures,available,5.98,75.98,high,low,10,namecheap,,,01/10/2026 23:14
17f41aa8-9ef2-43c1-ae28-c3469cbbdca3,huddersfield.ventures,available,5.66,47.89,medium,low,12,porkbun,,,30/09/2026 04:49
bf188dac-5b8e-49c7-98eb-03690c139fab,frankford.ventures,available,5.98,75.98,medium,low,9,namecheap,,,01/10/2026 23:38
db9e5128-350f-4508-8ed7-74feb9a0b802,conscience.ventures,available,20.99,59.99,high,low,10,namesilo,,,29/09/2026 11:04
04b1ff4b-5141-428f-8097-34f4f16732fd,again.ventures,available,5.38,47.81,high,low,5,spaceship,,,28/09/2026 11:49
ce6db63a-c444-4b86-87fd-efce6e8dc662,anselm.ventures,available,20.99,59.99,medium,low,6,namesilo,,,19/09/2026 12:02
3a257e4f-4a78-4e4b-b802-a99be34cf412,myopic.ventures,available,5.98,75.98,medium,low,6,namecheap,,,03/09/2026 12:14
520895b8-89ba-4d77-b850-c48573f90056,caper.ventures,available,20.99,59.99,high,low,5,namesilo,,,22/09/2026 06:32
cfd6720f-cb20-4115-9b4f-ee0247b227f8,flashily.ventures,available,5.98,75.98,medium,low,8,namecheap,,,14/09/2026 18:54
0350c549-7000-453d-9764-9fa9f21bc1ee,saman.ventures,available,20.99,59.99,high,low,5,namesilo,,,18/09/2026 03:12
78122bf5-9745-4983-a7be-262130bb41ad,particles.ventures,available,20.99,59.99,medium,low,9,namesilo,,,03/10/2026 01:16
c4e5b520-1b4a-4f2a-acb3-71ee2dcd1337,azygous.ventures,available,5.98,75.98,medium,low,7,namecheap,,,08/08/2026 03:27
e78f62e4-ce4c-4d2e-90d1-ea9647a45e02,loose.ventures,available,9.99,77.99,medium,low,5,name.com,,,22/09/2026 10:42
515af03e-044b-4ed2-b4a2-c518df2b09fe,antiphony.ventures,available,20.99,59.99,medium,low,9,namesilo,,,19/09/2026 14:57
b7f78488-1e83-475a-a646-d453de5d56e2,maidenly.ventures,available,5.98,75.98,medium,low,8,namecheap,,,24/08/2026 13:14
3d154d02-adec-436d-a188-a3b30034e42f,prewar.ventures,available,5.98,75.98,medium,low,6,namecheap,,,09/09/2026 01:51
eabfbf90-48bb-4314-8ebb-00d7f4be1866,collaborator.ventures,available,5.57,49.44,high,low,12,dynadot,,,30/09/2026 12:19
ba4274bb-c917-4508-aa4f-03afdedaf04c,crepuscle.ventures,available,5.98,75.98,medium,low,9,namecheap,,,11/09/2026 21:50
1923d4cd-ef8b-46a3-a59c-f3bdf587cc6b,alir.ventures,available,5.98,75.98,medium,low,4,namecheap,,,17/08/2026 22:11
585c4299-4771-4929-a9a4-d756a7a86661,intended.ventures,available,20.99,59.99,high,low,8,namesilo,,,25/09/2026 09:53
3b3a623a-6bf3-49e4-b7e2-ffb5d39c7ba2,examples.ventures,available,46.2,46.2,medium,low,8,cloudflare,,,29/09/2026 11:13
3f44ba4c-a7bf-4e82-bb19-db198e6761e7,epitope.ventures,available,9.99,77.99,medium,low,7,name.com,,,19/09/2026 14:25
f6554ef6-a4a3-44d8-9ff2-21d2ed50fbdb,vanzetti.ventures,available,20.99,59.99,medium,low,8,namesilo,,,22/09/2026 09:26
0cd4450c-d25c-4b5c-9547-d385093a4ff4,hospitably.ventures,available,5.98,75.98,medium,low,10,namecheap,,,15/09/2026 01:10
91423ef7-9d38-4f20-9e0b-9736fc0933d0,dogsledding.ventures,available,20.99,59.99,medium,low,11,namesilo,,,20/09/2026 01:02
1f4755d0-294a-407b-961a-e5310161ddff,resolve.ventures,resell,,,high,low,7,,,,28/09/2026 01:54
74e63cfc-8924-469f-8a12-1ae1ec9f8be1,undeclared.ventures,available,5.98,75.98,medium,low,10,namecheap,,,12/09/2026 07:06
663599af-4da2-4271-8ec3-918b6acb3256,babes.ventures,available,5.38,47.81,high,low,5,spaceship,,,01/10/2026 16:19
1a19d177-5c34-4ea5-becf-90bc2ac930aa,recount.ventures,available,5.38,47.81,high,low,7,spaceship,,,30/09/2026 18:26
86cd3578-f985-466f-a2b8-ed86813faf82,ghent.ventures,available,20.99,59.99,medium,low,5,namesilo,,,27/09/2026 04:10
3df29236-e301-4778-89ed-c5e905375120,omniscient.ventures,available,5.98,75.98,high,low,10,namecheap,,,
6cddea9a-7edc-4694-870b-80413a24bfc1,immigrant.ventures,available,5.57,49.44,high,low,9,dynadot,,,29/09/2026 13:05
cfef12ca-6c21-4c35-aece-59b94a378ee9,nicholls.ventures,available,5.38,47.81,medium,low,8,spaceship,,,28/09/2026 16:37
561c7a9a-04e6-4b89-a190-fb6b9a08578d,woodbury.ventures,available,20.99,59.99,high,low,8,namesilo,,,02/10/2026 05:12
f2cf0e4f-27cc-4bc3-b003-dec53f21978e,angora.ventures,available,20.99,59.99,high,low,6,namesilo,,,19/09/2026 07:06
9feeebaf-3cfd-49c2-986a-850cf34567e7,desirable.ventures,available,5.98,75.98,high,low,9,namecheap,,,14/08/2026 03:47
3f38e7a3-3877-47ef-af3a-bfd87b5679f0,clarissa.ventures,available,5.57,49.44,medium,low,8,dynadot,,,29/09/2026 21:24
7d980eb7-0381-4b19-b345-abcec6ba02a1,agastache.ventures,available,20.99,59.99,medium,low,9,namesilo,,,17/09/2026 16:24
a244cc65-1e3e-40da-8c90-aa3c75471df8,carousing.ventures,available,5.98,75.98,medium,low,9,namecheap,,,08/08/2026 04:24
f5407e86-9475-4104-8df4-25a6a3deb86e,robins.ventures,available,5.57,49.44,high,low,6,dynadot,,,03/10/2026 05:38
8a13b3c4-a22e-4548-9f9f-7747dc18f58e,cta.ventures,available,5.98,75.98,high,low,3,namecheap,,,29/09/2026 22:44
240f7227-4561-452d-acc7-f199025fee8b,aesthete.ventures,available,20.99,59.99,medium,low,8,namesilo,,,17/09/2026 13:35
816f91c5-f284-4f1b-aa33-bbebe8bea641,parcel.ventures,available,5.98,75.98,high,low,6,namecheap,,,24/09/2026 11:15
02ad15f5-fc85-40cd-add2-10a359a42202,knocker.ventures,available,20.99,59.99,medium,low,7,namesilo,,,24/09/2026 22:02
87c7185d-80aa-4103-a603-9df41da96655,advertise.ventures,available,5.98,75.98,high,low,9,namecheap,,,29/09/2026 20:39
9ae2b9ea-3f61-43bb-9a32-e1e393b3be91,remembrance.ventures,available,20.99,59.99,high,low,11,namesilo,,,30/09/2026 03:43
091aad8f-6142-4343-8cf7-99326beb615e,mirish.ventures,available,20.99,59.99,medium,low,6,namesilo,,,16/09/2026 16:36
be7b7e5d-5510-4f94-898d-8a65635d657c,trujillo.ventures,available,5.57,49.44,medium,low,8,dynadot,,,28/09/2026 16:38
124eb945-09d1-418a-93d0-51ece2a9656a,olefin.ventures,available,20.99,59.99,medium,low,6,namesilo,,,18/09/2026 08:30
eeaad6d5-75e0-408c-897c-845ce02db197,murderers.ventures,available,5.38,47.81,low,low,9,spaceship,,,28/09/2026 23:41
928b0f3b-13ec-4858-916b-8f89aaf354be,gripping.ventures,available,20.99,59.99,high,low,8,namesilo,,,21/09/2026 15:05
68da18db-4f80-4154-8e8b-6d91278f713d,nell.ventures,available,5.98,75.98,medium,low,4,namecheap,,,28/09/2026 07:53
029399e5-38f9-4e37-93df-58918e8c5e86,intentions.ventures,available,5.57,49.44,medium,low,10,dynadot,,,27/09/2026 22:32
bc2ded2c-f822-418e-8f56-08aa2dd84531,overwhelmed.ventures,available,19.99,,medium,low,11,name.com,,,
70486601-02ed-4dba-a919-335c1297b2b5,unalarming.ventures,available,5.98,75.98,medium,low,10,namecheap,,,12/09/2026 00:14
100dd843-f3f2-4e03-a87a-3a847bd40af4,guides.ventures,available,5.66,47.89,medium,low,6,porkbun,,,29/09/2026 16:42
c5f5cf81-26cb-41b9-83e4-cf0c6b117470,dorian.ventures,available,5.98,75.98,high,low,6,namecheap,,,14/08/2026 16:11
b6f048dc-1155-47da-9e6f-11506447f480,marchant.ventures,available,5.38,47.81,high,low,8,spaceship,,,02/10/2026 07:22
bb729130-c8a5-42b8-a1b9-66646008a943,amass.ventures,available,5.98,75.98,high,low,5,namecheap,,,12/08/2026 16:53
73599112-3cc8-4407-918e-0bc899c0acfb,generosity.ventures,available,5.98,75.98,high,low,10,namecheap,,,29/09/2026 01:04
f43f489a-0cb7-4b23-a2be-e8881d475ff0,civilized.ventures,available,5.98,75.98,high,low,9,namecheap,,,12/08/2026 09:06
0501899f-b8b4-469f-9f09-10ca644e4337,connell.ventures,available,20.99,59.99,medium,low,7,namesilo,,,28/09/2026 22:06
6ce3c2f3-1e63-47f0-935d-b8e844954dc2,trott.ventures,available,5.57,49.44,medium,low,5,dynadot,,,03/10/2026 05:38
bea81e1e-37b4-4b93-9d64-d225e188edc0,debonair.ventures,available,5.98,75.98,high,low,8,namecheap,,,12/08/2026 05:58
06086df4-7221-41e6-9be9-96d4c33c1bc3,bags.ventures,resell,,,high,low,4,"NameCheap, Inc.",14/01/2026 02:50,14/01/2027 02:50,01/10/2026 18:24
6427abb5-13bf-48fd-9f17-8d3bb6c9d167,transmission.ventures,available,20.99,59.99,high,low,12,namesilo,,,27/09/2026 08:37
490a9f91-ba80-42b0-9aa1-beff6ec0d600,experimentation.ventures,available,5.66,47.89,medium,low,15,porkbun,,,02/10/2026 23:39
4c0aa574-a192-4849-b23d-0fc146ffdf2a,flake.ventures,available,5.98,75.98,medium,low,5,namecheap,,,14/08/2026 23:23
b019a65a-f606-487d-88fd-62cc6e8e5143,sinks.ventures,available,20.99,59.99,medium,low,5,namesilo,,,30/09/2026 15:46
ff2f6ce3-3bed-421a-bc0b-87d2fd2ce32a,devote.ventures,available,46.2,46.2,high,low,6,cloudflare,,,30/09/2026 18:31
fa1f5c84-e777-4654-98ce-19b035f77615,laughable.ventures,available,20.99,59.99,high,low,9,namesilo,,,23/09/2026 15:25
a774b505-0bbc-4036-9625-30fae8b69e5b,indocile.ventures,available,5.98,75.98,medium,low,8,namecheap,,,22/08/2026 03:18
6080c53f-fb9e-418a-a187-13cf781baf81,smashingly.ventures,available,5.98,75.98,medium,low,10,namecheap,,,16/09/2026 02:49
4d346da0-cd55-417b-a7e0-e5465ee385cf,richardson.ventures,available,5.38,47.81,medium,low,10,spaceship,,,28/09/2026 14:25
6a1ea576-094c-45d4-bbe4-5bbb511fa296,lawful.ventures,available,5.98,75.98,high,low,6,namecheap,,,22/08/2026 21:21
8e7b06d6-fc12-4c88-b66b-e45353691c59,compression.ventures,available,20.99,59.99,medium,low,11,namesilo,,,29/09/2026 04:39
21393d0c-dc03-43dc-b493-a08bb949b67f,rite.ventures,available,5.98,75.98,high,low,4,namecheap,,,09/09/2026 18:03
be4c53e8-de00-44fa-9a7b-4fca26035cc9,tarzan.ventures,available,5.57,49.44,high,low,6,dynadot,,,29/09/2026 02:18
6b481559-9550-4650-aa59-7472c75348ec,bookkeeping.ventures,available,46.2,46.2,high,low,11,cloudflare,,,01/10/2026 11:18
daf3ab52-ba05-4e89-aa4a-30c072022004,shandong.ventures,available,20.99,59.99,medium,low,8,namesilo,,,29/09/2026 03:52
26d5ca7e-1c41-409f-a5ba-44f7c6659fd1,infield.ventures,available,20.99,59.99,high,low,7,namesilo,,,22/09/2026 10:07
24c18329-d814-412a-9085-c69244107abc,delphian.ventures,available,5.98,75.98,medium,low,8,namecheap,,,14/08/2026 00:48
04d93793-7649-4387-b136-9e8010c42079,hemp.ventures,resell,,,high,low,4,Dynadot Inc,14/09/2026 17:01,14/09/2027 17:01,26/09/2026 06:38
5732f42d-9e7a-49d8-a18c-2cd083bb400d,cooley.ventures,available,5.98,75.98,medium,low,6,namecheap,,,30/09/2026 20:21
e0681da4-a658-4955-ba64-c79e72503874,mcnamara.ventures,available,5.98,75.98,medium,low,8,namecheap,,,27/09/2026 08:09
efa8261c-bde5-4a2b-9157-8f433c6a4772,condoms.ventures,available,5.98,75.98,medium,low,7,namecheap,,,30/09/2026 07:27
77e2bddf-718f-4627-b2c9-cf0cf9650edb,kremlin.ventures,available,20.99,59.99,high,low,7,namesilo,,,01/10/2026 02:50
63fe37a1-d0ba-45bb-93d6-166d1a7b75fd,loosely.ventures,available,20.99,59.99,medium,low,7,namesilo,,,28/09/2026 13:33
59e43238-fa2e-4c1a-91d5-aba9a7880491,fibres.ventures,available,5.98,75.98,medium,low,6,namecheap,,,02/10/2026 11:53
f9b0fd49-fe48-4a3f-ba91-d8ce68fbb3a8,cathectic.ventures,available,5.98,75.98,medium,low,9,namecheap,,,11/08/2026 21:45
993b1718-0573-418a-b341-bed8ed09ee09,inflation.ventures,available,20.99,59.99,high,low,9,namesilo,,,29/09/2026 07:21
289b6f06-19cb-41a8-8e19-5a3e222cf647,mahayana.ventures,available,5.66,47.89,medium,low,8,porkbun,,,01/10/2026 02:57
39cd12ed-50dd-4e8d-b4a8-35ded2e0a0dd,ought.ventures,available,5.38,47.81,high,low,5,spaceship,,,01/10/2026 04:34
bc819125-1451-4a2c-8fea-2725e7fbedd1,microphone.ventures,available,46.2,46.2,high,low,10,cloudflare,,,29/09/2026 08:27
13e87646-7ab8-4c4e-b11b-4ea98389197c,lammas.ventures,available,5.98,75.98,medium,low,6,namecheap,,,21/09/2026 03:43
0b4dfe69-b280-4fc0-9de1-210b49b4e841,archibald.ventures,available,20.99,59.99,medium,low,9,namesilo,,,25/09/2026 18:45
1bed93d4-6cca-4dfd-b07d-ee0e570268fc,obscene.ventures,available,5.98,75.98,high,low,7,namecheap,,,
b0900fa4-471c-4cb2-bd39-82c971663b2c,jeopardy.ventures,available,20.99,59.99,high,low,8,namesilo,,,28/09/2026 14:01
848dda49-4483-41c7-92ba-c4b7e9e49636,compositions.ventures,available,5.57,49.44,medium,low,12,dynadot,,,02/10/2026 01:26
791d36f7-385b-4639-9bd1-adddb3d8479f,provinces.ventures,available,5.98,75.98,medium,low,9,namecheap,,,18/09/2026 15:35
022c6c42-eb2b-48d0-ae43-64939e4155e3,contributor.ventures,available,5.38,47.81,high,low,11,spaceship,,,30/09/2026 19:30
742e01b4-ea6c-4c9c-8ce0-b64f92dc1147,tug.ventures,available,29.99,101.99,high,low,3,godaddy,,,30/09/2026 01:50
5b79ddab-d9cc-477a-8e2c-87de4baaca3e,concessions.ventures,available,5.66,47.89,medium,low,11,porkbun,,,30/09/2026 23:40
2354b522-5186-47ac-85b1-4b6d13d08299,arvn.ventures,available,5.57,49.44,medium,low,4,dynadot,,,30/09/2026 04:50
12588fe7-4630-47e6-84fe-2c8284b6264b,driver.ventures,available,20.99,59.99,high,low,6,namesilo,,,29/09/2026 14:35
b192ea2d-668e-4424-b466-60fd120edc93,scheduling.ventures,available,5.66,47.89,high,low,10,porkbun,,,03/10/2026 05:30
e74fc9cd-1b92-429e-b18b-9f1f20bee206,lobsters.ventures,available,5.57,49.44,medium,low,8,dynadot,,,02/10/2026 13:29
1828a55a-801f-400d-9ba7-a4f9592e85a6,decides.ventures,available,20.99,59.99,medium,low,7,namesilo,,,20/09/2026 06:39
c6b27bf4-719d-4e2f-b156-e4c7d060f772,binnacle.ventures,available,20.99,59.99,medium,low,8,namesilo,,,23/09/2026 17:36
25c11e88-73fb-4e28-be83-da77a05f9203,fms.ventures,available,20.99,59.99,high,low,3,namesilo,,,30/09/2026 13:03
30e3e393-56a1-49c0-bccd-5ebbeee328d7,refugee.ventures,available,5.38,47.81,high,low,7,spaceship,,,28/09/2026 20:17
dbb014f2-2cee-49eb-beb7-f674c4ce5420,brunswick.ventures,available,5.98,75.98,high,low,9,namecheap,,,02/10/2026 23:40
2935cde1-df19-4e1f-9853-706bc54badc0,acropora.ventures,available,20.99,59.99,medium,low,8,namesilo,,,17/09/2026 03:57
52a7638b-297a-4493-9118-107930d08033,monatomic.ventures,available,5.98,75.98,medium,low,9,namecheap,,,25/08/2026 04:12
ef2bd14e-aa41-4388-bf2e-4b046db0ec16,endovenous.ventures,available,5.98,75.98,medium,low,10,namecheap,,,17/08/2026 01:21
8a2e5452-ce2d-4f12-bc98-5199b8add15f,solomons.ventures,available,5.66,47.89,medium,low,8,porkbun,,,30/09/2026 18:46
0c5a7c74-59b3-4e7b-a267-4a90844ba896,fal.ventures,available,20.99,59.99,medium,low,3,namesilo,,,03/10/2026 03:57
e7f668b6-5f60-4b01-a40f-6153f490d8a5,aerogram.ventures,available,20.99,59.99,medium,low,8,namesilo,,,17/09/2026 13:04
6b0cd394-8fde-4077-8a4c-77f48d963f32,reservoir.ventures,available,5.98,75.98,high,low,9,namecheap,,,20/09/2026 11:41
9e295f73-3bdc-46a2-bda4-20e4735c5fac,cheerio.ventures,available,20.99,59.99,high,low,7,namesilo,,,17/09/2026 08:13
ae01c7bf-d200-4f69-a00a-7dd9b8e23227,rid.ventures,available,46.2,46.2,high,low,3,cloudflare,,,30/09/2026 18:36
089c7b5e-c314-48d5-99b0-0bd513791e88,wastewater.ventures,available,5.98,75.98,medium,low,10,namecheap,,,15/08/2026 15:34
53319286-f251-4f8a-8eb0-dc1182897eb3,nhtsa.ventures,available,20.99,59.99,medium,low,5,namesilo,,,01/10/2026 07:59
b260393f-7a28-4f9c-9894-ee65839009d1,elongate.ventures,available,5.98,75.98,high,low,8,namecheap,,,16/08/2026 05:24
6de714fb-ffda-4aa5-9118-7e9f5465f2fb,horus.ventures,available,20.99,59.99,high,low,5,namesilo,,,30/09/2026 17:39
603597f0-b512-472e-b1a3-d9b1ddd3c2e9,cabrera.ventures,available,5.57,49.44,medium,low,7,dynadot,,,29/09/2026 09:57
3cddec45-b4d0-4a81-ae32-c148a5d16167,chimeric.ventures,available,5.98,75.98,medium,low,8,namecheap,,,12/08/2026 05:37
3f9aa4d2-895c-4eb5-801d-c0479bdb8582,rae.ventures,available,20.99,59.99,medium,low,3,namesilo,,,27/09/2026 01:43
f25095a4-073c-4f8f-ae90-0f497185b952,commenting.ventures,available,46.2,46.2,high,low,10,cloudflare,,,01/10/2026 22:00
cbb70d42-bc2b-4667-a201-f1c382d8bbc4,declension.ventures,available,5.98,75.98,medium,low,10,namecheap,,,13/09/2026 13:21
f8ed8d19-e0e2-4da9-89f3-368dacfcc7b6,philippi.ventures,available,20.99,59.99,medium,low,8,namesilo,,,22/09/2026 15:38
d8a2c5ed-00de-46ba-9f44-e21d31c4371d,mitchel.ventures,available,20.99,59.99,medium,low,7,namesilo,,,02/10/2026 00:53
d11e0f87-1db6-451d-9e55-7573f7eebaef,jugoslav.ventures,available,5.98,75.98,medium,low,8,namecheap,,,13/09/2026 14:52
ce81b7f2-2c04-4226-896e-ce89f6eb9c8d,miranda.ventures,available,5.98,75.98,high,low,7,namecheap,,,25/09/2026 12:16
3210ae4b-2fb7-4bee-8176-5e788d39f923,relocate.ventures,available,46.2,46.2,high,low,8,cloudflare,,,29/09/2026 02:47
a0573f1a-7164-407e-b418-28c389c3aa60,animate.ventures,available,20.99,59.99,high,low,7,namesilo,,,22/09/2026 04:47
78bbf7bf-f8af-4b36-8072-c16857ea1a74,agamic.ventures,available,5.98,75.98,medium,low,6,namecheap,,,
c5e99d4f-f299-4443-a8dd-32121b1189d8,suicide.ventures,available,20.99,59.99,high,low,7,namesilo,,,25/09/2026 05:57
91d9a240-ad54-4578-94e7-e1f595623f0d,mucose.ventures,available,5.98,75.98,medium,low,6,namecheap,,,03/09/2026 10:16
11de898d-1f51-44f1-9f59-767199ebc784,edith.ventures,available,5.38,47.81,medium,low,5,spaceship,,,28/09/2026 16:20
076e7294-bea9-444a-8b2a-e5acd7856423,abyssinia.ventures,available,5.98,75.98,high,low,9,namecheap,,,16/09/2026 19:52
9d68c0b1-f0de-4a09-8678-a3591f9f3e39,radiation.ventures,available,20.99,59.99,high,low,9,namesilo,,,17/09/2026 04:59
1b6e9d41-8637-4ab5-8abc-059f5a20fab2,wily.ventures,available,5.98,75.98,medium,low,4,namecheap,,,13/08/2026 04:38
3efcc956-6f7d-454f-ab02-140e2c7b2631,robes.ventures,available,5.98,75.98,medium,low,5,namecheap,,,29/09/2026 23:27
92311deb-b6c8-49a0-baa7-f83a77bc1064,injure.ventures,available,46.2,46.2,medium,low,6,cloudflare,,,28/09/2026 11:07
7ef6462c-0663-4b0e-a686-4dd4ead9d905,gatt.ventures,available,5.98,75.98,high,low,4,namecheap,,,30/09/2026 09:53
41602299-2b1b-4481-9df0-e5b011aee1e4,durations.ventures,available,5.66,47.89,low,low,9,porkbun,,,30/09/2026 07:29
8191ca4a-90bd-4dc5-ab27-98a48dbbd353,poisons.ventures,available,46.2,46.2,low,low,7,cloudflare,,,02/10/2026 03:39
2db97937-4839-4c4e-8c70-3df958fae40c,amnionic.ventures,available,5.98,75.98,medium,low,8,namecheap,,,
393aa8a4-4709-4eef-a28c-20566e0432db,jolson.ventures,available,20.99,59.99,medium,low,6,namesilo,,,18/09/2026 01:21
15a245f3-b577-4d30-9510-bb35b25975a0,sucker.ventures,available,20.99,59.99,high,low,6,namesilo,,,18/09/2026 08:56
9dc05c51-c599-4974-aafc-eeeaa7d42cf5,kite.ventures,resell,,,high,low,4,,,,29/09/2026 13:15
d4914841-bbcf-43c9-ac32-01fe61f5fe95,burman.ventures,available,20.99,59.99,high,low,6,namesilo,,,01/10/2026 04:44
e1b80a46-f7fb-4bca-b662-fac962c9afc4,lunger.ventures,available,5.98,75.98,medium,low,6,namecheap,,,12/08/2026 23:06
591e015f-048c-4465-9582-b651cdaf84c3,designate.ventures,available,5.98,75.98,high,low,9,namecheap,,,14/08/2026 03:42
c371189b-f574-43d0-a145-2e8c9e2fc919,carbonated.ventures,available,5.98,75.98,medium,low,10,namecheap,,,11/08/2026 18:39
470a5b97-62cc-48c2-8366-17f4bfb469f5,unalike.ventures,available,5.98,75.98,medium,low,7,namecheap,,,12/09/2026 00:26
6a6919dc-a16e-4689-ab43-7d53428c4376,puts.ventures,available,20.99,59.99,medium,low,4,namesilo,,,18/09/2026 14:17
d5f047b9-ccfd-4f7b-91dc-a1290f971e12,hebei.ventures,available,5.98,75.98,high,low,5,namecheap,,,30/09/2026 01:51
03ca0da7-2d2b-45ee-91e5-7288ba1d11e1,depleted.ventures,available,5.98,75.98,medium,low,8,namecheap,,,14/08/2026 02:23
995f19fc-8fc0-4cde-80a1-5da7e8c5a586,towne.ventures,available,5.38,47.81,medium,low,5,spaceship,,,29/09/2026 09:05
b2dbb104-4bcc-4dcd-845e-db3564d56a3a,battling.ventures,available,46.2,46.2,medium,low,8,cloudflare,,,29/09/2026 09:02
ab92c7f3-a290-4b3f-b1d3-7d12e1766bd1,mats.ventures,available,5.57,49.44,high,low,4,dynadot,,,30/09/2026 14:06
800f0179-23f0-41b6-aa34-d1aadea7a9ec,markov.ventures,available,5.98,75.98,high,low,6,namecheap,,,19/09/2026 04:17
0a02e085-bba6-425a-a67e-96a4bfcd1d9e,bowling.ventures,available,20.99,59.99,high,low,7,namesilo,,,27/09/2026 03:22
fbd49618-c9c4-47e7-a9a3-1db5e29720a7,lawrencium.ventures,available,20.99,59.99,medium,low,10,namesilo,,,20/09/2026 22:00
87a53784-53fa-48f1-8545-70d2758d27a6,handles.ventures,available,20.99,59.99,medium,low,7,namesilo,,,28/09/2026 13:13
89fd3d8d-8f49-4c2c-a8cd-99b7031bf01e,plc.ventures,available,20.99,59.99,high,low,3,namesilo,,,25/09/2026 12:32
78437b84-7a81-4460-a7e7-7a2bf3384cda,subgroup.ventures,available,5.38,47.81,medium,low,8,spaceship,,,28/09/2026 15:24
9e0fbfd1-7762-474d-af9f-8acc8f6412d8,batrachian.ventures,available,5.98,75.98,medium,low,10,namecheap,,,05/08/2026 20:53
251ffeb5-500f-4f30-a92f-0724d892af87,vandalism.ventures,available,46.2,46.2,medium,low,9,cloudflare,,,29/09/2026 22:58
9791da6b-703e-490d-9508-a313d8ebb0b6,cartridge.ventures,available,5.57,49.44,medium,low,9,dynadot,,,29/09/2026 18:14
d7c650f9-32ae-4ef7-accc-361f34c2b9f9,tackle.ventures,available,5.98,75.98,high,low,6,namecheap,,,28/09/2026 05:46
ba5297ad-5ea8-4778-9fca-cc4bf7b45021,courtly.ventures,available,5.98,75.98,high,low,7,namecheap,,,13/08/2026 03:50
85ae1748-9949-4204-b353-8a2ad444fe78,linked.ventures,available,20.99,59.99,high,low,6,namesilo,,,25/09/2026 13:54
189548a7-ddf4-494e-827b-f209b9a592eb,eureka.ventures,resell,,,high,medium,6,"GoDaddy.com, LLC",30/06/2022 13:15,30/06/2027 13:15,26/09/2026 05:54
38bbeb2c-cf28-42e5-a7de-32de3950d586,ruthenium.ventures,available,20.99,59.99,medium,low,9,namesilo,,,20/09/2026 23:08
039b8431-4c4a-4998-9fb0-9ab61a2aa716,tentacles.ventures,available,5.38,47.81,medium,low,9,spaceship,,,02/10/2026 03:57
6b0758a0-b8ab-44b5-adbb-2abd6644d447,pointy.ventures,available,20.99,59.99,high,low,6,namesilo,,,01/10/2026 22:59
c9b0e720-a462-4ac8-b813-fcb9466f2c28,amentia.ventures,available,5.98,75.98,medium,low,7,namecheap,,,18/09/2026 19:00
00ef5e29-1d68-418c-b33e-e8d7b7db95c9,nymph.ventures,available,46.2,46.2,high,low,5,cloudflare,,,02/10/2026 05:21
e2b3b92f-0d8c-4f45-a330-e2ca2336345a,boarding.ventures,available,20.99,59.99,high,low,8,namesilo,,,27/09/2026 11:44
301c549d-0440-4c08-88eb-98e4fa8318fd,lisboa.ventures,available,20.99,59.99,high,low,6,namesilo,,,29/09/2026 06:47
3b130e05-8de3-4cad-ab69-42512be8f523,treadmill.ventures,available,20.99,59.99,high,low,9,namesilo,,,03/10/2026 02:17
9be3a073-52aa-4d76-92f1-c18278f0fabe,ascot.ventures,available,20.99,59.99,high,low,5,namesilo,,,20/09/2026 13:27
a6276314-46f2-49fc-9c36-e18a33fefdc1,adjustment.ventures,available,5.98,75.98,high,low,10,namecheap,,,18/08/2026 05:52
84c094cc-8255-4635-b6f4-72624c05a266,asynergy.ventures,available,5.98,75.98,medium,low,8,namecheap,,,20/09/2026 18:52
41b794c1-64b3-478d-81b9-54fbc82577d3,forested.ventures,available,5.98,75.98,medium,low,8,namecheap,,,18/08/2026 11:43
277212d7-0082-41fb-9d1a-b756930dbdf4,encrypted.ventures,available,20.99,59.99,high,low,9,namesilo,,,02/10/2026 02:04
2cc0d222-dafc-4296-9505-f2f4856d15dd,deciduous.ventures,available,5.98,75.98,medium,low,9,namecheap,,,13/08/2026 21:26
26499d83-02f7-42cb-a1fc-65d1de27ea53,magnetized.ventures,available,5.98,75.98,medium,low,10,namecheap,,,24/08/2026 13:04
6cd1c698-c8fb-4df0-8fb4-07f069fa9262,drily.ventures,available,5.98,75.98,medium,low,5,namecheap,,,14/09/2026 14:23
e5006f03-9973-472c-9c98-d59c9fe754ae,cryonic.ventures,available,5.98,75.98,medium,low,7,namecheap,,,13/08/2026 09:37
2733fca3-de50-4f7c-8097-ea2e71b833a5,eloquent.ventures,available,5.98,75.98,high,low,8,namecheap,,,16/08/2026 06:14
b81de76b-be03-425e-9a9e-1f2c7af0eaed,veridical.ventures,available,5.98,75.98,medium,low,9,namecheap,,,13/09/2026 02:24
5da7d03b-013a-417c-af19-ed6f47d2540c,aloft.ventures,available,5.98,75.98,medium,low,5,namecheap,,,13/09/2026 19:10
08e07083-331d-4c8d-b235-abb754e5edad,deduct.ventures,available,5.57,49.44,high,low,6,dynadot,,,02/10/2026 06:42
c5c3b191-af3c-45be-8d4b-a6e5bcf946af,wheaten.ventures,available,5.98,75.98,medium,low,7,namecheap,,,13/09/2026 11:15
a6ed2c7d-1669-4dc7-a03a-17a366739e57,soul.ventures,resell,,,high,medium,4,"Sav.com, LLC - 39",02/05/2026 15:15,02/05/2027 15:15,26/09/2026 09:10
6def6420-e96c-49df-9c48-4494697c214f,reconsider.ventures,available,5.66,47.89,medium,low,10,porkbun,,,28/09/2026 20:52
eb8a8ff8-cfcc-4cf0-b49f-ef3d377b3f00,makings.ventures,available,20.99,59.99,high,low,7,namesilo,,,20/09/2026 04:27
56498225-cb84-4638-a6c2-758114350ea9,snidely.ventures,available,5.98,75.98,low,low,7,namecheap,,,16/09/2026 03:18
7a712d1f-3258-44b9-a550-f79c8ca2004a,spawned.ventures,available,5.98,75.98,low,low,7,namecheap,,,02/10/2026 14:09
22c2bc37-95be-420c-aaf3-1d24d176d0b0,semitic.ventures,available,5.98,75.98,medium,low,7,namecheap,,,10/09/2026 03:32
6f3e761a-d6bf-4037-8fcb-4c7724374818,conditioner.ventures,available,20.99,59.99,high,low,11,namesilo,,,01/10/2026 05:38
1908a9bf-466d-4dab-864a-34b62d3421c3,nihilistic.ventures,available,5.98,75.98,medium,low,10,namecheap,,,03/09/2026 17:24
cb0f3f0d-01c2-484d-ade6-12f55d5035e9,linguistic.ventures,available,5.98,75.98,high,low,10,namecheap,,,23/08/2026 15:05
c1b61143-3eec-4274-9fa1-6d3e185510af,beckwith.ventures,available,5.38,47.81,medium,low,8,spaceship,,,30/09/2026 04:37
de89697b-0db1-4f9e-bb9a-12a3b13816fa,anders.ventures,available,5.38,47.81,high,low,6,spaceship,,,30/09/2026 04:15
b5bb44a7-9378-4775-9062-bf8b8de758c1,geelong.ventures,available,46.2,46.2,medium,low,7,cloudflare,,,01/10/2026 07:49
efd9a2b2-1845-4c00-8c2b-a5762a8cf38c,manhattan.ventures,resell,,,high,low,9,"Sav.com, LLC",01/09/2025 19:41,01/09/2027 19:41,26/09/2026 07:24
881806c9-cf46-4b77-ada8-0c0923e49fdb,cousin.ventures,available,5.98,75.98,high,low,6,namecheap,,,24/09/2026 18:49
39fc4b91-60a8-46a0-a3b7-de62a60e3456,madrono.ventures,available,20.99,59.99,medium,low,7,namesilo,,,20/09/2026 01:04
6267d85a-8014-44f9-b19a-30bcffb9ae88,asshole.ventures,available,5.98,75.98,medium,low,7,namecheap,,,08/08/2026 23:24
6d6d22ba-24b2-4a88-92a3-54855489d04c,loudly.ventures,available,5.98,75.98,medium,low,6,namecheap,,,18/08/2026 12:25
4ad7366b-d976-422a-9c5e-333dcefa451b,percentage.ventures,available,20.99,59.99,high,low,10,namesilo,,,28/09/2026 15:02
98e64fbc-c7f5-4ba5-b571-85869374ec96,servants.ventures,available,20.99,59.99,medium,low,8,namesilo,,,18/09/2026 01:39
bffe2be3-db3a-470a-8d5d-83176a948b3e,skinny.ventures,available,5.98,75.98,high,low,6,namecheap,,,12/08/2026 04:01
8964fb07-fdd2-46b7-9ae9-4ce57637d382,earthman.ventures,available,5.98,75.98,medium,low,8,namecheap,,,11/09/2026 10:45
58f6db95-832f-4359-864f-13519e869186,nestorian.ventures,available,5.98,75.98,medium,low,9,namecheap,,,03/09/2026 15:50
3a648e9e-5c38-4816-84f2-a07d14dc6b4f,ceremonies.ventures,available,5.66,47.89,medium,low,10,porkbun,,,29/09/2026 10:36
aef5ab5c-2c52-4605-ab58-d1148d77ba43,clinton.ventures,available,20.99,59.99,high,low,7,namesilo,,,23/09/2026 15:58
ef579f7c-a155-4493-944b-d8fe6a707f32,beekeeper.ventures,available,5.98,75.98,high,low,9,namecheap,,,19/09/2026 17:19
36ba6cfa-33e4-4a63-9c10-6720ad4c875a,qualified.ventures,available,5.98,75.98,high,low,9,namecheap,,,14/08/2026 02:10
92f9de8f-0b16-4760-b124-a36957ad6bea,martha.ventures,available,5.98,75.98,high,low,6,namecheap,,,01/10/2026 00:59
6d5fa1f1-e0b7-4759-ac24-aa78b5d37b41,dvorak.ventures,available,20.99,59.99,medium,low,6,namesilo,,,19/09/2026 15:32
59c6f645-a8c4-429f-b99b-14963eb758ba,radiate.ventures,available,5.98,75.98,high,low,7,namecheap,,,09/09/2026 09:40
791533a5-fb79-4561-8beb-66bb5eb37476,floor.ventures,resell,,,high,low,5,"Sav.com, LLC - 14",31/05/2026 15:15,31/05/2027 15:15,26/09/2026 06:08
0f2f15af-c650-45ed-a7fb-4745437723ce,cob.ventures,available,20.99,59.99,high,low,3,namesilo,,,23/09/2026 23:42
447a043b-20ce-4075-9e82-838e296a4249,repository.ventures,available,20.99,59.99,high,low,10,namesilo,,,24/09/2026 21:59
5567671d-f42b-4c1a-9101-00cb8d0caae2,bassoonist.ventures,available,5.98,75.98,medium,low,10,namecheap,,,22/09/2026 12:33
84f372fa-3c8b-4368-8c7e-4ba801972cd5,leavened.ventures,available,5.98,75.98,medium,low,8,namecheap,,,22/08/2026 22:13
1c32e28b-0c1f-4aa9-86e6-2e6592ec79e9,nominee.ventures,available,20.99,59.99,high,low,7,namesilo,,,29/09/2026 06:17
22bc2462-e84a-4ca1-8403-c6fcdab06f4e,paying.ventures,available,20.99,59.99,high,low,6,namesilo,,,24/09/2026 22:11
8826686a-0509-475c-9df0-9edf96a5d029,hideous.ventures,available,5.98,75.98,medium,low,7,namecheap,,,21/08/2026 08:13
5b140dcf-5709-4bb7-9630-692cefcce3d7,retire.ventures,available,46.2,46.2,high,low,6,cloudflare,,,30/09/2026 10:08
816d5324-911e-422b-8134-e77873394d8a,economic.ventures,available,20.99,59.99,high,low,8,namesilo,,,24/09/2026 13:22
1c88d9a3-2b5b-4458-9824-364cb68852b5,quantities.ventures,available,46.2,46.2,medium,low,10,cloudflare,,,02/10/2026 20:05
99f55ad5-f29c-4e47-aa8d-fe356c33d03c,speculation.ventures,available,19.99,,high,low,11,name.com,,,
a10bb1eb-19e6-497b-9691-748d48aa72a1,oversewn.ventures,available,5.98,75.98,medium,low,8,namecheap,,,04/09/2026 21:48
f7ed007a-649e-4b4a-9421-9a1e79813f19,roosevelt.ventures,available,20.99,59.99,medium,low,9,namesilo,,,19/09/2026 09:58
894b4453-cc59-4688-977c-375db33fff94,corrupted.ventures,available,20.99,59.99,medium,low,9,namesilo,,,23/09/2026 23:59
069ffdb4-43b9-419f-aca2-8ea88309be79,paranoia.ventures,available,46.2,46.2,high,low,8,cloudflare,,,29/09/2026 19:54
913e59e9-9b0f-478d-81ab-26205b1441fd,cancel.ventures,available,5.38,47.81,medium,low,6,spaceship,,,29/09/2026 06:25
3bb8d957-50a6-4322-bd90-9173418d33c0,aesthesis.ventures,available,20.99,59.99,medium,low,9,namesilo,,,17/09/2026 13:32
eaecd640-213a-4987-881d-2bd1eef1c420,mock.ventures,available,5.98,75.98,high,low,4,namecheap,,,25/08/2026 02:24
6614c9df-a19e-40e5-96d6-b84c36c730a0,blastema.ventures,available,20.99,59.99,medium,low,8,namesilo,,,24/09/2026 04:21
fefa6e52-6e0b-444b-83af-e795edaca94b,popped.ventures,available,5.38,47.81,medium,low,6,spaceship,,,29/09/2026 11:00
04185b95-7ea5-47a9-9045-986271713033,isaacs.ventures,available,5.38,47.81,high,low,6,spaceship,,,29/09/2026 10:02
53d35c50-8c6b-431c-a5d4-dd37d1f45f87,berkelium.ventures,available,20.99,59.99,medium,low,9,namesilo,,,21/09/2026 00:14
cb7bb19d-2c83-4b34-9b05-5e700bc12692,replay.ventures,available,20.99,59.99,high,low,6,namesilo,,,17/09/2026 05:07
0f3b0cb1-11cf-4467-99d6-4fbc1167442d,translator.ventures,available,5.38,47.81,high,low,10,spaceship,,,28/09/2026 19:30
75d1a9a7-04ec-40d9-81f9-50a2c3869225,kanaf.ventures,available,20.99,59.99,medium,low,5,namesilo,,,23/09/2026 16:56
0c9a3954-ecce-4d67-982a-79853cf31131,explains.ventures,available,5.98,75.98,medium,low,8,namecheap,,,19/09/2026 21:05
0852d395-08ec-4fb0-b270-82c0b9e6949c,holocaust.ventures,available,20.99,59.99,medium,low,9,namesilo,,,29/09/2026 06:54
1dd3469d-ed63-4184-8466-9ec793e442e4,crossbow.ventures,available,20.99,59.99,high,low,8,namesilo,,,02/10/2026 14:48
c31e3d62-937e-48c6-ae3a-aa04ae9a6e38,stentorian.ventures,available,5.98,75.98,medium,low,10,namecheap,,,10/09/2026 20:07
d9f29ee1-4298-423f-badc-38ad702632d6,lms.ventures,available,5.38,47.81,high,low,3,spaceship,,,29/09/2026 15:35
80e5dcea-34a1-4ce0-abd5-529e0673a93b,beeswax.ventures,available,20.99,59.99,high,low,7,namesilo,,,23/09/2026 01:48
fbd7f77e-6d31-4bf4-a8ac-07bff3bd5c29,doubly.ventures,available,5.98,75.98,medium,low,6,namecheap,,,14/09/2026 13:48
d2e93f3d-2443-4921-8e4f-47acbb8e47b4,ots.ventures,available,5.38,47.81,high,low,3,spaceship,,,01/10/2026 07:34
a5babdea-4608-49f5-9ece-ee3883386542,wishful.ventures,available,5.98,75.98,medium,low,7,namecheap,,,07/08/2026 05:07
d163f817-448a-4903-ba63-a252448145ac,nodular.ventures,available,5.98,75.98,medium,low,7,namecheap,,,03/09/2026 18:06
1ee67d8c-31e2-4741-8a01-e4deb7e6dab9,aquitania.ventures,available,20.99,59.99,medium,low,9,namesilo,,,19/09/2026 23:18
4857442e-f4c9-467f-a52a-ff749df9574b,wimp.ventures,available,5.98,75.98,medium,low,4,namecheap,,,24/09/2026 19:54
f0a3340a-668b-4687-98a6-4315050a53bd,anomy.ventures,available,5.98,75.98,medium,low,5,namecheap,,,19/09/2026 11:32
56b49937-86c4-486f-a68f-6f392776b783,effluent.ventures,available,5.98,75.98,medium,low,8,namecheap,,,15/08/2026 14:47
aad5df37-b2b3-407b-9e1d-5e24b9141d35,rests.ventures,available,20.99,59.99,medium,low,5,namesilo,,,18/09/2026 07:14
101cda0f-18dd-4ee1-bc9d-854ec8d6e3b9,bethesda.ventures,available,5.98,75.98,high,low,8,namecheap,,,01/10/2026 23:20
0c300a26-7b80-4ca1-9e99-ad912f5db53a,measured.ventures,available,5.98,75.98,high,low,8,namecheap,,,11/08/2026 13:59
19d02d42-cd77-460c-935b-e173b584bee4,harlot.ventures,available,9.99,77.99,medium,low,6,name.com,,,13/08/2026 14:19
6049898c-7d88-479c-a13e-050eec22f3f6,clad.ventures,available,5.98,75.98,high,low,4,namecheap,,,12/08/2026 09:13
f775f89e-7242-4d26-8adf-00cd63a6ec89,isobel.ventures,available,5.38,47.81,high,low,6,spaceship,,,01/10/2026 08:56
f764273d-52e0-49a8-b9eb-81f8ec822f45,immense.ventures,available,20.99,59.99,high,low,7,namesilo,,,25/09/2026 06:12
84af18be-b134-4622-a8b1-7f43055ccb2d,purses.ventures,available,20.99,59.99,medium,low,6,namesilo,,,20/09/2026 11:07
21ad304d-cadc-4fa1-8a51-8e0e95014a24,astern.ventures,available,5.98,75.98,medium,low,6,namecheap,,,
76aa2362-926a-49f3-b84f-5ca39851be91,unclothed.ventures,available,5.98,75.98,medium,low,9,namecheap,,,12/09/2026 05:30
0e2306f0-237b-4c34-8461-e802b2eddbca,powhatan.ventures,available,5.38,47.81,high,low,8,spaceship,,,01/10/2026 03:20
c5c19a31-42c6-4b3b-b609-8c415bcce071,gnome.ventures,available,5.38,47.81,high,low,5,spaceship,,,03/10/2026 00:59
4b6afc9c-38ba-49fc-aa18-39bcb15a187a,hectically.ventures,available,5.98,75.98,medium,low,10,namecheap,,,14/09/2026 20:02
af339a59-654f-4e5c-aeb4-07aa4f3d0774,washout.ventures,available,5.98,75.98,medium,low,7,namecheap,,,14/08/2026 20:57
327e31d0-271f-4a2c-9f56-93cfa1d9a97c,smoother.ventures,available,5.98,75.98,medium,low,8,namecheap,,,02/10/2026 04:38
a3b2971e-f3cf-4659-ac81-ec5a516b978a,revisit.ventures,available,20.99,59.99,high,low,7,namesilo,,,02/10/2026 17:16
c780f3e0-3f63-462d-a7a8-1ace1fddbe9a,allogeneic.ventures,available,5.98,75.98,medium,low,10,namecheap,,,
f6498f0d-070e-4646-8cf5-53ce2e9cd933,selfesteem.ventures,available,20.99,59.99,high,low,11,namesilo,,,30/09/2026 06:09
6a1ac2b3-7c0d-4a0a-ac7a-e57298cdf6c2,grudge.ventures,available,5.38,47.81,high,low,6,spaceship,,,29/09/2026 19:05
ee9a9eb9-0be3-479c-ae84-63a6ced7ac1c,lyrically.ventures,available,5.98,75.98,medium,low,9,namecheap,,,15/09/2026 13:16
40fae1b4-f0f1-482a-99b9-ec3cd71451e3,stitches.ventures,available,19.99,,medium,low,8,name.com,,,
e9a0923f-46d6-4d9a-928d-8cd281b63f0c,disjoined.ventures,available,5.98,75.98,medium,low,9,namecheap,,,14/08/2026 11:07
b5b9359d-7763-464b-86bd-27f820bea5b5,gwynedd.ventures,available,5.38,47.81,medium,low,7,spaceship,,,02/10/2026 00:00
e64f58be-e6cc-4b63-9f97-84c65b289c1e,alienor.ventures,available,5.98,75.98,medium,low,7,namecheap,,,18/09/2026 07:41
08639005-8e97-485b-8e57-c2ba5c270d6d,strangers.ventures,available,5.98,75.98,medium,low,9,namecheap,,,
6fb755dc-0c5c-4298-9245-6b46f2d2c537,lights.ventures,available,19.99,,high,low,6,name.com,,,
8df1cb0f-536a-462b-aeaa-b49f579c7bab,numberless.ventures,available,5.98,75.98,high,low,10,namecheap,,,13/08/2026 03:42
0fc944f5-4143-4b07-b984-f5b5404db5ab,woman.ventures,available,5.38,47.81,high,low,5,spaceship,,,28/09/2026 18:54
8589bb98-8d80-4c4e-8514-4be2bf3c0e41,aftercare.ventures,available,5.98,75.98,high,low,9,namecheap,,,17/09/2026 15:35
a4add5a3-dded-434f-a3dc-d6caab2f4cbd,asterope.ventures,available,20.99,59.99,low,low,8,namesilo,,,20/09/2026 17:16
7e9fe969-eabd-4fa2-9640-8314c55d54ca,crooked.ventures,available,5.98,75.98,medium,low,7,namecheap,,,13/08/2026 07:51
4a84a20a-d433-426d-b6e6-8fa110cabda5,boomer.ventures,available,20.99,59.99,high,low,6,namesilo,,,21/09/2026 13:18
1b1e65e9-0249-452f-ba2c-381ebbdda451,pout.ventures,available,5.98,75.98,medium,low,4,namecheap,,,18/09/2026 18:12
6559788b-4106-4d01-a22a-cf260c639e2e,psc.ventures,available,46.2,46.2,high,low,3,cloudflare,,,29/09/2026 22:26
375b48b3-3be6-4254-a63d-1ecf9efce636,rasp.ventures,available,20.99,59.99,medium,low,4,namesilo,,,19/09/2026 15:15
27e4e923-843c-40b6-a49c-63cdf80ef5a0,florentine.ventures,available,5.98,75.98,high,low,10,namecheap,,,18/08/2026 08:58
d167bd0f-12e9-4af4-a00c-27c54d8a30ca,kharkov.ventures,available,5.98,75.98,medium,low,7,namecheap,,,30/09/2026 17:47
6a5ef0ef-825b-43a3-8f4e-a508c6ea933c,receptor.ventures,available,5.38,47.81,high,low,8,spaceship,,,30/09/2026 18:26
90ea0fdb-404e-425e-9f9e-b5acc70f8063,demotic.ventures,available,5.98,75.98,medium,low,7,namecheap,,,14/08/2026 01:35
3438795b-eecd-4474-8ed1-9080ae8e76d1,goldwyn.ventures,available,20.99,59.99,medium,low,7,namesilo,,,30/09/2026 17:29
dc5dbca8-23e7-46f8-b6d8-b5c3640ba0d6,seltzer.ventures,available,20.99,59.99,medium,low,7,namesilo,,,24/09/2026 12:47
d8612bb5-c74d-46b1-9559-f969a2819563,rhenium.ventures,available,5.98,75.98,medium,low,7,namecheap,,,20/09/2026 23:48
69f3568b-2afa-455a-ac26-c10a9f85a1d2,euphonious.ventures,available,5.98,75.98,medium,low,10,namecheap,,,17/08/2026 14:17
2dea13b7-79b2-471c-8a3d-a9814084ecdf,benzoin.ventures,available,20.99,59.99,medium,low,7,namesilo,,,20/09/2026 12:33
c9f46b64-75cf-48a5-89fc-33a16f0e9477,pfa.ventures,available,5.57,49.44,high,low,3,dynadot,,,02/10/2026 20:00
415b0aaf-a100-4c1e-a7f4-dd4857ef4b49,disabling.ventures,available,5.98,75.98,medium,low,9,namecheap,,,13/08/2026 07:09
bb7aeeb5-7fd2-4e4a-b25e-41bd03f91e31,nighted.ventures,available,5.98,75.98,low,low,7,namecheap,,,09/08/2026 14:33
2cd32456-d7ef-4f23-826c-27739e992900,relates.ventures,available,5.98,75.98,medium,low,7,namecheap,,,01/10/2026 00:18
2503133b-79c5-4c81-b2fb-347f25da0488,pto.ventures,available,20.99,59.99,high,low,3,namesilo,,,02/10/2026 06:08
a33fd987-32c1-40b4-a7c3-c545fb00a2c2,hailing.ventures,available,20.99,59.99,medium,low,7,namesilo,,,03/10/2026 03:25
2498f2b2-b329-41a9-aef7-c03676fd79b5,prejudice.ventures,available,5.98,75.98,high,low,9,namecheap,,,22/09/2026 20:16
b1d0f029-4150-4427-a25c-c759c3ced2b5,sportive.ventures,available,5.98,75.98,medium,low,8,namecheap,,,12/08/2026 18:10
c2401447-da95-4887-aecc-ead65615a1fe,beaten.ventures,available,5.98,75.98,medium,low,6,namecheap,,,09/08/2026 05:47
112954b3-3555-4703-be60-c15488cb3efc,recovering.ventures,available,20.99,59.99,high,low,10,namesilo,,,23/09/2026 22:44
5dda7dcc-01ef-41ab-a5e6-829b03dfdc05,painters.ventures,available,5.57,49.44,medium,low,8,dynadot,,,29/09/2026 11:24
13f05599-0b42-4f73-a3bc-470254f30e5f,morley.ventures,available,20.99,59.99,high,low,6,namesilo,,,25/09/2026 05:08
bf9f182e-90fe-4e9a-8efb-e3dac2712ef8,enron.ventures,available,20.99,59.99,high,low,5,namesilo,,,30/09/2026 04:20
7191a57b-39ed-4716-b332-01cd0559f094,contradict.ventures,available,5.38,47.81,high,low,10,spaceship,,,30/09/2026 19:10
bd57a2c3-622c-49c7-b779-a98c902e8a8d,retailing.ventures,available,5.38,47.81,high,low,9,spaceship,,,01/10/2026 03:16
4c174301-d4a7-489f-be26-bf364ae340fc,paulson.ventures,available,20.99,59.99,medium,low,7,namesilo,,,30/09/2026 13:15
e912173d-ac6e-4251-b656-5aeceffd028e,binet.ventures,available,20.99,59.99,medium,low,5,namesilo,,,18/09/2026 06:25
999e7a90-7ac3-42bc-8078-8342dddaf56d,pall.ventures,available,5.98,75.98,medium,low,4,namecheap,,,22/08/2026 11:56
ab3616f2-4795-4f33-a181-13bc20adeffb,arachnoid.ventures,available,5.98,75.98,medium,low,9,namecheap,,,06/08/2026 11:41
d9545101-f66c-4f0d-972e-6087933c08a3,birthday.ventures,available,20.99,59.99,high,low,8,namesilo,,,29/09/2026 02:53
460d4eeb-e42b-4174-b199-c104323b172f,krupp.ventures,available,20.99,59.99,medium,low,5,namesilo,,,18/09/2026 06:37
dfb8fed9-53c7-48b5-9435-de900339613e,auditor.ventures,available,5.98,75.98,high,low,7,namecheap,,,21/09/2026 01:32
ba910933-2e6c-4fe1-baef-cf9cb4786774,shooter.ventures,available,5.98,75.98,medium,low,7,namecheap,,,24/09/2026 19:04
6022aa82-2c7b-45c7-924c-738fcbb9561b,backband.ventures,available,20.99,59.99,medium,low,8,namesilo,,,21/09/2026 14:57
ab66ec99-c46d-4cfb-8581-4fc994262c3a,gustatory.ventures,available,5.98,75.98,medium,low,9,namecheap,,,20/08/2026 21:07
2be3f1e5-b002-480c-a653-d8d282e7a2c1,gains.ventures,available,5.98,75.98,high,low,5,namecheap,,,18/09/2026 18:50
69431da8-07ca-4b6a-bbae-82f0c2ca6056,karlsruhe.ventures,available,5.38,47.81,medium,low,9,spaceship,,,28/09/2026 12:19
3dfa0e25-cbeb-4e6f-9fb6-331b63ddea0c,blacksnake.ventures,available,20.99,59.99,medium,low,10,namesilo,,,24/09/2026 01:28
e8f9032a-bb4b-4cfd-aa0d-e7c977f5b0bd,swapo.ventures,available,5.38,47.81,medium,low,5,spaceship,,,02/10/2026 20:19
63b1ea9a-b007-4444-91f9-b46a5ef89201,ulama.ventures,available,20.99,59.99,medium,low,5,namesilo,,,02/10/2026 17:01
34f7f76d-6516-4a52-8c17-96326929ca4b,androgenic.ventures,available,5.98,75.98,medium,low,10,namecheap,,,
042d6551-ff89-4836-bc2a-49b0f50232d8,nineteen.ventures,available,20.99,59.99,high,low,8,namesilo,,,21/09/2026 12:05
54958ba7-dce7-4530-8474-1c0f306b2496,bakunin.ventures,available,5.98,75.98,medium,low,7,namecheap,,,21/09/2026 20:26
7110b7b2-5fe0-4480-98ab-9230670a7856,anthropic.ventures,available,,,high,high,9,,,,
4117b1d4-e48a-49f1-b3da-b48db9964773,pulp.ventures,available,20.99,59.99,high,low,4,namesilo,,,29/09/2026 07:38
df32c7a8-4b2b-4c33-a23b-3ed1ae813453,goodish.ventures,available,5.98,75.98,medium,low,7,namecheap,,,20/08/2026 16:34
f1a6260a-c26d-4eb5-adf4-df28abf807cf,aloof.ventures,available,5.98,75.98,medium,low,5,namecheap,,,
a353dee4-f420-4ed0-bebd-381611cfaa5c,levantine.ventures,available,5.98,75.98,high,low,9,namecheap,,,23/08/2026 00:31
9604a822-9e27-492d-859b-3f7ef51fe9da,graphs.ventures,available,5.38,47.81,medium,low,6,spaceship,,,02/10/2026 23:01
a263c2d0-3c3e-4097-8fcd-e7a3bbdf314d,waveforms.ventures,available,5.57,49.44,medium,low,9,dynadot,,,01/10/2026 00:59
3dea12a7-72aa-440c-9ab0-05cda1b3560e,columbian.ventures,available,5.98,75.98,medium,low,9,namecheap,,,12/08/2026 18:12
b65ebd67-a099-4aaf-ac3f-69be244b366c,beneficiary.ventures,available,5.38,47.81,high,low,11,spaceship,,,30/09/2026 03:53
b8b41997-6d48-4f63-8994-72043988aeed,sheriffs.ventures,available,20.99,59.99,medium,low,8,namesilo,,,02/10/2026 03:01
5657f6e4-5b0c-454f-9bdd-9a77fd238bb6,harmonious.ventures,available,5.98,75.98,high,low,10,namecheap,,,21/08/2026 01:03
7bc33ec3-4a91-4147-becc-081c0591c504,westminster.ventures,available,20.99,59.99,high,low,11,namesilo,,,02/10/2026 08:52
0aeb7222-f44c-4fee-ac47-9d805d84a496,coltsfoot.ventures,available,20.99,59.99,medium,low,9,namesilo,,,23/09/2026 01:58
5c342d98-afe1-46a8-aacf-d40afa05e4fa,abbots.ventures,available,5.38,47.81,medium,low,6,spaceship,,,30/09/2026 14:11
9ab3b599-6927-495b-aa8f-3eac63ed3483,latch.ventures,available,5.66,47.89,high,low,5,porkbun,,,30/09/2026 09:22
d9080621-3f50-448f-bfe3-a4816778a6fe,ethanol.ventures,available,20.99,59.99,medium,low,7,namesilo,,,02/10/2026 04:44
72d4fd66-8027-4483-adff-9705f752bf75,acheson.ventures,available,20.99,59.99,medium,low,7,namesilo,,,17/09/2026 00:31
35d7a4c4-6640-4216-bd49-d59401739773,segal.ventures,available,5.38,47.81,medium,low,5,spaceship,,,28/09/2026 19:20
76b508c4-d37a-4120-a4f2-840cbb4dd9ae,araguaia.ventures,available,5.98,75.98,medium,low,8,namecheap,,,19/09/2026 23:45
fbfc6371-cda7-46f0-a45e-22c820602562,upfield.ventures,available,5.98,75.98,medium,low,7,namecheap,,,12/09/2026 23:08
8e8da376-6c08-432b-8529-ba82850b9e7c,bauble.ventures,available,20.99,59.99,medium,low,6,namesilo,,,22/09/2026 16:31
a06275f1-b348-4648-8ac5-0401668af7d4,stair.ventures,available,46.2,46.2,medium,low,5,cloudflare,,,29/09/2026 20:26
4cc98672-83a9-449a-aeaf-a94499a6beac,unwonted.ventures,available,5.98,75.98,low,low,8,namecheap,,,12/09/2026 22:48
96233b82-a2c7-492e-af5c-a3e8e8a72818,stereotype.ventures,available,20.99,59.99,high,low,10,namesilo,,,30/09/2026 12:02
8165a225-1793-49ae-9a21-da8ae7538bc9,sponsoring.ventures,available,20.99,59.99,high,low,10,namesilo,,,01/10/2026 18:41
7d908ef0-e084-4621-b945-a378bd7dae6f,kookie.ventures,available,5.98,75.98,medium,low,6,namecheap,,,06/08/2026 21:09
46a82223-0f9c-4aae-8c1e-625ad7585693,receipts.ventures,available,20.99,59.99,high,low,8,namesilo,,,30/09/2026 09:17
8761df45-2283-42b0-b9b9-e49ad38d0c5c,arson.ventures,available,20.99,59.99,high,low,5,namesilo,,,20/09/2026 09:43
67349db2-6e2e-430f-906e-3567a73ad9ee,garza.ventures,available,5.57,49.44,medium,low,5,dynadot,,,28/09/2026 21:33
331833ce-2ec6-4a17-bbd8-a8cf4dcb6bfd,haze.ventures,available,5.98,75.98,high,low,4,namecheap,,,30/09/2026 01:51
bfdbe26b-703a-4349-b66a-162b0b0621b1,guideline.ventures,available,5.38,47.81,high,low,9,spaceship,,,02/10/2026 05:07
5fe9be42-a6f0-4449-a627-5d2430b38935,turnabout.ventures,available,5.98,75.98,medium,low,10,namecheap,,,02/10/2026 18:00
32849427-2199-4652-a153-946751466af5,diffident.ventures,available,5.98,75.98,medium,low,9,namecheap,,,14/08/2026 07:01
e93eaada-e5e3-45a3-9310-68a6a86d6227,reticent.ventures,available,20.99,59.99,medium,low,8,namesilo,,,27/09/2026 12:59
1966e01d-6ab3-4ee7-95f5-32a70f2b36b9,expires.ventures,available,20.99,59.99,medium,low,7,namesilo,,,20/09/2026 13:50
8e246708-482a-440e-9e38-80c3e5d07cec,ivo.ventures,available,20.99,59.99,high,low,3,namesilo,,,30/09/2026 04:54
eba79f7f-321b-4a86-8cae-d023eaf01c57,colfax.ventures,available,5.38,47.81,medium,low,6,spaceship,,,30/09/2026 13:56
124cc5c8-b47d-44cd-b048-f61039ff8ef7,humanoid.ventures,resell,,,high,medium,8,"Sav.com, LLC - 42",13/05/2026 15:15,13/05/2027 15:15,26/09/2026 06:45
3fa8d3fb-37e6-4f2c-8ccd-49a879735c2c,pimento.ventures,available,20.99,59.99,medium,low,7,namesilo,,,23/09/2026 05:37
21ed2219-6fba-4ec9-8dc6-a670f9047503,disarmer.ventures,available,5.98,75.98,medium,low,8,namecheap,,,04/09/2026 22:39
1754ec81-1591-4023-86c6-3ff183e80f38,fredericton.ventures,available,5.38,47.81,high,low,11,spaceship,,,02/10/2026 19:14
54de30ef-01f6-4279-9cca-79e184b16920,famine.ventures,available,20.99,59.99,medium,low,6,namesilo,,,29/09/2026 12:01
52b54bd5-c633-462c-8b1c-46e0096b4b02,sponsorship.ventures,available,20.99,59.99,high,low,11,namesilo,,,30/09/2026 23:15
23f08c93-617c-4f5a-8a8d-4556f4137a75,paradoxes.ventures,available,9.99,77.99,medium,low,9,name.com,,,21/09/2026 00:45
1fb7ebdf-88be-4be4-acb7-3835dd01cb00,knocks.ventures,available,5.98,75.98,medium,low,6,namecheap,,,20/09/2026 13:49
f0756a9e-ba1d-4e6a-a9b2-bb9d5b1a27d3,prosperity.ventures,resell,,,high,low,10,,,,29/09/2026 01:54
d88a9268-48db-457d-b8d3-ecefd0ef6df0,partisan.ventures,available,5.98,75.98,high,low,8,namecheap,,,08/09/2026 02:07
22b572c2-35b3-4843-8022-7973b847256c,monterey.ventures,available,20.99,59.99,high,low,8,namesilo,,,30/09/2026 02:19
d88f4b0b-0d00-4514-badd-c042af730f9b,ajay.ventures,available,5.98,75.98,medium,low,4,namecheap,,,03/10/2026 03:41
23413d23-dd47-42e2-a87a-324641958849,tangle.ventures,available,5.98,75.98,high,low,6,namecheap,,,25/09/2026 17:42
20d8e017-a9e1-425c-b2e9-cd09c44529ce,glinting.ventures,available,5.98,75.98,medium,low,8,namecheap,,,
105b5d9a-db4d-4f7a-88c4-48ec05783fc3,laurence.ventures,available,20.99,59.99,high,low,8,namesilo,,,30/09/2026 06:35
cd39e1dc-38be-4fb7-8b49-d53ff05f1423,consoling.ventures,available,5.98,75.98,high,low,9,namecheap,,,12/08/2026 22:42
27c58be6-583a-40c0-adb2-3766cdc0f155,nodding.ventures,available,5.98,75.98,high,low,7,namecheap,,,12/08/2026 00:48
757d8fd5-e68e-448f-a13e-e7bc3dc59664,polymorphism.ventures,available,5.38,47.81,medium,low,12,spaceship,,,02/10/2026 22:03
997fdea6-7658-46e9-8f79-961ea58d21a9,beneficial.ventures,available,5.98,75.98,high,low,10,namecheap,,,09/08/2026 14:24
232cd5d3-124d-4773-a2c8-e22320b57181,agricultural.ventures,available,5.98,75.98,high,low,12,namecheap,,,30/09/2026 03:28
073366fb-a3bf-4a67-ad50-19848eea6b53,those.ventures,available,46.2,46.2,medium,low,5,cloudflare,,,01/10/2026 01:32
4ef68034-8255-47ce-9b99-6c1d54b3a208,synoptical.ventures,available,5.98,75.98,medium,low,10,namecheap,,,11/09/2026 06:35
f1be0562-47b0-42c1-bf46-b3938be973f2,improvise.ventures,available,5.98,75.98,high,low,9,namecheap,,,21/09/2026 16:45
57da9587-e257-4ad7-945d-2d06a0d3f68f,filing.ventures,available,20.99,59.99,medium,low,6,namesilo,,,28/09/2026 14:11
00e2643e-b085-4753-882c-9a2a64ecf4c1,ayn.ventures,available,5.38,47.81,high,low,3,spaceship,,,03/10/2026 03:51
38baf591-0078-4d0f-999f-3523004be44d,sinners.ventures,available,20.99,59.99,medium,low,7,namesilo,,,02/10/2026 21:46
bb882c59-586e-4cc4-bcb5-9489ce8c7442,fanatic.ventures,available,5.98,75.98,high,low,7,namecheap,,,17/08/2026 21:49
ce07a9c9-d429-4d09-96ff-318b21b76aab,travers.ventures,available,20.99,59.99,medium,low,7,namesilo,,,28/09/2026 16:18
57f757ac-f0b6-46f9-ae0f-d82a0777e5c1,facetious.ventures,available,5.98,75.98,medium,low,9,namecheap,,,08/08/2026 14:39
e60957ee-c9a6-40b6-9f08-fc38a48594d3,alpena.ventures,available,20.99,59.99,medium,low,6,namesilo,,,18/09/2026 13:31
09545eda-6570-4fb4-b1b8-8e783a23ee5f,upper.ventures,available,20.99,59.99,high,low,5,namesilo,,,28/09/2026 09:57
f5101a67-684d-4c28-a31c-b1d496dfa58b,gizmo.ventures,available,5.98,75.98,high,low,5,namecheap,,,19/09/2026 21:49
2aaf3376-a125-4782-acea-3fd58c5fbf08,billiards.ventures,available,20.99,59.99,high,low,9,namesilo,,,23/09/2026 16:23
665de64b-5260-48f0-b91a-fab8f3549076,fry.ventures,available,5.98,75.98,high,low,3,namecheap,,,25/08/2026 00:16
8d0499e5-6592-4608-bdd3-27a3c4b8edc6,armoury.ventures,available,5.98,75.98,medium,low,7,namecheap,,,20/09/2026 07:33
bd22b034-90b3-4b32-854c-1f11c1d76e6c,admass.ventures,available,20.99,59.99,medium,low,6,namesilo,,,17/09/2026 08:43
c7e28981-96db-4c6a-b000-ff12e690ca2f,income.ventures,resell,,,high,low,6,Dynadot Inc,06/05/2026 17:03,06/05/2027 17:03,29/09/2026 23:55
c90a31d3-8b12-498f-b255-dcd5dc26a5a8,brighten.ventures,available,46.2,46.2,high,low,8,cloudflare,,,30/09/2026 16:33
e132d1f7-d772-4477-9e76-910e772bb100,fribourg.ventures,available,20.99,59.99,medium,low,8,namesilo,,,02/10/2026 08:24
d9607f2a-b009-4ec2-b007-c3e462a872b7,jinx.ventures,available,5.98,75.98,high,low,4,namecheap,,,21/08/2026 07:37
0052872a-8d09-4d17-af96-65ae2c08e5d4,tiddler.ventures,available,5.98,75.98,medium,low,7,namecheap,,,25/08/2026 00:10
b25b2051-1725-4632-9905-f76b3a7c81e3,hostelry.ventures,available,20.99,59.99,medium,low,8,namesilo,,,21/09/2026 02:26
8f114ef2-5120-407a-9512-ffa1d3c3788b,delivers.ventures,available,5.38,47.81,medium,low,8,spaceship,,,29/09/2026 10:50
9b7a411b-4f58-43d6-9642-7b2ccde6b0ae,token.ventures,resell,,,high,medium,5,Dynadot Inc,04/04/2017 09:44,04/04/2027 09:44,28/09/2026 09:22
ec9f86c7-a309-48e1-a0bb-e2919c6517fc,kirkpatrick.ventures,available,5.38,47.81,medium,low,11,spaceship,,,28/09/2026 12:22
e76113f3-5180-4432-92e8-d672bbf33a1b,scarface.ventures,available,46.2,46.2,medium,low,8,cloudflare,,,28/09/2026 19:51
bcf2c277-09e4-4b96-a401-dad51ad6a3b5,arabesque.ventures,available,20.99,59.99,high,low,9,namesilo,,,19/09/2026 23:28
b2a57c96-6a5a-477a-a853-201d2a16b6a4,bilby.ventures,available,5.98,75.98,medium,low,5,namecheap,,,23/09/2026 15:40
726f171e-de6e-4e08-8e7b-4411e382bdef,ridges.ventures,available,5.57,49.44,low,low,6,dynadot,,,30/09/2026 23:22
edebce4b-a880-4f4d-9b18-22947e9aed7a,cages.ventures,available,20.99,59.99,medium,low,5,namesilo,,,30/09/2026 07:45
fb79ce2d-476e-4197-9e41-ab11bbf7c483,heretical.ventures,available,5.98,75.98,medium,low,9,namecheap,,,14/08/2026 12:35
b5289f02-ff4a-4041-9640-4223d0789011,keyrings.ventures,available,20.99,59.99,medium,low,8,namesilo,,,20/09/2026 12:08
3e77d210-fdbf-442e-93fe-20155c03f1d0,audiencia.ventures,available,5.66,47.89,high,low,9,porkbun,,,02/10/2026 18:30
7957623c-fe6b-4b2c-ac05-cfe9a32ddc70,munificent.ventures,available,5.98,75.98,high,low,10,namecheap,,,22/08/2026 21:09
e286e4b0-d70f-45f5-83f6-1b7ab0fdecb7,rawlings.ventures,available,46.2,46.2,medium,low,8,cloudflare,,,30/09/2026 05:43
9a0be745-fefd-4482-a5cd-2ea78c4bcce7,massacre.ventures,available,20.99,59.99,medium,low,8,namesilo,,,28/09/2026 18:34
f4397cd2-8a40-4009-bc8d-f9f8b6fd25c0,strenuous.ventures,available,5.98,75.98,medium,low,9,namecheap,,,10/09/2026 21:45
a159633a-303e-4214-9fd9-b8c9e9176d31,exemplary.ventures,available,5.98,75.98,high,low,9,namecheap,,,21/09/2026 18:58
4607460e-9252-4436-acce-630c0612a20d,dha.ventures,available,20.99,59.99,high,low,3,namesilo,,,03/10/2026 03:49
0cf7186f-a790-458c-9d3d-84e559ba72f5,glorious.ventures,available,5.98,75.98,high,low,8,namecheap,,,20/08/2026 14:48
f451cbc5-49ef-40ff-b372-738339298a1e,vendue.ventures,available,20.99,59.99,medium,low,6,namesilo,,,21/09/2026 02:46
82078a42-39c0-4a5b-a29f-2b37db0e91f2,repentant.ventures,available,5.98,75.98,medium,low,9,namecheap,,,08/09/2026 14:32
abee461c-d664-494a-8dba-4ecc07fb2731,epilepsy.ventures,available,5.38,47.81,medium,low,8,spaceship,,,30/09/2026 01:32
aca22a87-4f0e-45c9-b273-0d6fb01b06c0,plaster.ventures,available,5.98,75.98,medium,low,7,namecheap,,,17/09/2026 07:59
2e38fd86-4305-4562-8286-9cacba393213,buggery.ventures,available,9.99,77.99,medium,low,7,name.com,,,19/09/2026 01:35
ecae1e21-24b1-4e02-9316-642de79a38f5,scowling.ventures,available,5.98,75.98,medium,low,8,namecheap,,,09/08/2026 08:33
8d101fa4-ee06-4978-8350-75bc1bdecf03,declare.ventures,available,46.2,46.2,high,low,7,cloudflare,,,27/09/2026 16:32
f5bf4336-7438-4032-b3b9-c7446d4c8307,petite.ventures,available,5.98,75.98,medium,low,6,namecheap,,,08/08/2026 14:24
be7b6da5-cc2f-47f1-be30-205a6041bfef,clashing.ventures,available,5.98,75.98,medium,low,8,namecheap,,,12/08/2026 09:40
65b23625-9498-4bfa-903b-da9fca01a7b9,footing.ventures,available,20.99,59.99,high,low,7,namesilo,,,22/09/2026 11:02
04993b1b-91c3-449c-871c-f7f8b5189cd3,recapture.ventures,available,20.99,59.99,high,low,9,namesilo,,,30/09/2026 10:57
0055d758-18ef-4e82-9f06-8b7de8d1f576,paycheck.ventures,available,5.38,47.81,high,low,8,spaceship,,,30/09/2026 10:49
b83c0e22-6974-46f0-ab37-9218796064c5,dissertation.ventures,available,5.38,47.81,high,low,12,spaceship,,,30/09/2026 03:22
51596829-f4ee-4a75-b6e9-511c63c988b9,jra.ventures,available,20.99,59.99,medium,low,3,namesilo,,,19/09/2026 14:09
862d5661-f50b-4676-a927-cd7be947d93f,informally.ventures,available,20.99,59.99,medium,low,10,namesilo,,,28/09/2026 14:09
3503925b-6f7a-46ec-9c1a-85a9ad65c8b9,leaning.ventures,available,5.98,75.98,high,low,7,namecheap,,,07/08/2026 13:24
bf9a1174-14fe-4d8f-a7fc-07f31cfe3c9c,bipedal.ventures,available,5.98,75.98,high,low,7,namecheap,,,10/08/2026 05:09
a3f9409d-4ab8-4b93-9342-cd0497013806,credal.ventures,available,5.98,75.98,medium,low,6,namecheap,,,13/08/2026 05:52
e5e2917d-8578-4ace-82a4-9317d66b725c,lesion.ventures,available,5.98,75.98,medium,low,6,namecheap,,,13/09/2026 13:28
d3ff9d4b-1122-4eeb-bdb8-773c43af7ef8,reasonless.ventures,available,5.98,75.98,medium,low,10,namecheap,,,11/08/2026 22:42
68b379f8-eade-469d-b97c-f03aba171634,ranges.ventures,available,20.99,59.99,medium,low,6,namesilo,,,01/10/2026 15:26
838b3c7a-4bff-466b-bfba-b4f05bf566bc,awning.ventures,available,20.99,59.99,high,low,6,namesilo,,,21/09/2026 10:12
50daa37a-ee55-4233-8562-9030e5e25b03,implying.ventures,available,46.2,46.2,high,low,8,cloudflare,,,01/10/2026 23:05
c767ddd5-1488-438c-892a-0ce9b8b9268a,also.ventures,available,5.38,47.81,high,low,4,spaceship,,,28/09/2026 12:05
d98a15ae-3691-4f7c-8c74-f2a0b80d1e92,lorca.ventures,available,46.2,46.2,medium,low,5,cloudflare,,,02/10/2026 04:57
28d82a11-f5dc-418e-b962-5f7917a82651,scouts.ventures,available,5.38,47.81,high,low,6,spaceship,,,28/09/2026 04:05
5f222ecc-fe48-4650-9221-18a9af5ea7b1,neighborly.ventures,available,5.98,75.98,high,low,10,namecheap,,,03/09/2026 15:16
8596e495-b629-473c-891b-450e4b3ce1d8,amplifies.ventures,available,9.99,77.99,medium,low,9,name.com,,,17/09/2026 20:54
954e4c26-dd5a-42a9-aaa1-55a70dd94d9e,trine.ventures,available,5.98,75.98,medium,low,5,namecheap,,,
1e59bcb2-97e7-43cc-acc8-a990e10b25af,corridors.ventures,available,46.2,46.2,medium,low,9,cloudflare,,,30/09/2026 15:34
d635be3c-0dd2-4acf-b64f-f5875b1ef360,while.ventures,available,5.38,47.81,high,low,5,spaceship,,,30/09/2026 14:40
5aac827c-5c62-4773-8b4f-67b76b1459e7,muncie.ventures,available,46.2,46.2,medium,low,6,cloudflare,,,30/09/2026 02:21
572ee55a-cb03-4694-ac2a-58a57ddce241,crutch.ventures,available,5.38,47.81,high,low,6,spaceship,,,03/10/2026 00:22
fd240a3f-bb08-451f-98d5-a162c04ddfd9,fingers.ventures,available,19.99,,medium,low,7,name.com,,,
857d80e0-1fb6-416e-8907-4071771dddca,bang.ventures,resell,19.99,,high,low,4,"GoDaddy.com, LLC",11/05/2026 19:50,11/05/2027 19:50,28/09/2026 13:18
aa5cd6ec-842b-4ed0-a955-9b990063b1b8,addressing.ventures,available,20.99,59.99,high,low,10,namesilo,,,29/09/2026 10:51
faa26f1a-9a33-494a-b707-df3bbe8800d4,simone.ventures,available,20.99,59.99,high,low,6,namesilo,,,27/09/2026 07:19
7c73fb9c-a0e9-4226-a817-0022def2d7b3,devotion.ventures,available,20.99,59.99,high,low,8,namesilo,,,29/09/2026 14:45
07228c61-5bfd-4ae7-8b5a-d86fbacb758b,concepcion.ventures,available,5.38,47.81,medium,low,10,spaceship,,,02/10/2026 04:26
08842204-6594-4a16-9b89-9c9971a19a5a,lenape.ventures,available,5.38,47.81,medium,low,6,spaceship,,,02/10/2026 00:23
b5e48a6d-1908-4198-a9a6-d506fbed2128,abettor.ventures,available,20.99,59.99,medium,low,7,namesilo,,,16/09/2026 15:19
cc74c902-39b4-492d-9588-8e6a1c953aa0,hillside.ventures,available,20.99,59.99,high,low,8,namesilo,,,29/09/2026 13:02
3048e320-a369-46ce-8965-b54b52c30401,nadh.ventures,available,20.99,59.99,high,low,4,namesilo,,,01/10/2026 18:36
2519650e-6449-4e6b-ace7-7f69f3856896,auspicate.ventures,available,20.99,59.99,medium,low,9,namesilo,,,21/09/2026 03:29
f66163a5-83f2-414c-be84-ef92547bfd6f,stubbornly.ventures,available,5.98,75.98,medium,low,10,namecheap,,,14/09/2026 10:12
2bec31ff-5fbc-4e64-9a54-36b2cacd44ce,unsightly.ventures,available,5.98,75.98,medium,low,9,namecheap,,,12/09/2026 19:53
94de1af7-acfa-4a44-be36-6330a7e05105,northward.ventures,available,5.98,75.98,high,low,9,namecheap,,,03/09/2026 21:27
1151c928-7763-461f-acfd-c15b221de8fc,fatuous.ventures,available,5.98,75.98,low,low,7,namecheap,,,07/08/2026 02:39
4652626f-bc4d-41fc-a985-ac1da0903f5f,mojo.ventures,resell,,,high,medium,4,"Sav.com, LLC - 39",28/05/2025 15:15,28/05/2027 15:15,30/09/2026 04:53
7ad0aa85-b519-4ba2-98fe-b050a7bf6c1e,empties.ventures,available,20.99,59.99,medium,low,7,namesilo,,,02/10/2026 22:37
f2bcd545-4be9-49b5-8764-f5104d16ed57,psd.ventures,available,5.98,75.98,high,low,3,namecheap,,,29/09/2026 21:36
247d7a26-8368-42cd-b013-82260509dae0,develop.ventures,available,5.38,47.81,high,low,7,spaceship,,,30/09/2026 13:46
aba6a8c7-4118-463a-9657-6da8a0860456,such.ventures,available,5.38,47.81,high,low,4,spaceship,,,28/09/2026 01:50
dd3da281-9e3f-4bf9-b30a-d64690ff426f,savagely.ventures,available,5.98,75.98,medium,low,8,namecheap,,,14/09/2026 01:43
e06e0d2f-17ba-4710-b918-50c3ed8ea50f,alcatraz.ventures,available,5.98,75.98,medium,low,8,namecheap,,,02/10/2026 08:29
f8d9fb96-9839-46a6-bf0d-a9c247b7c275,flirting.ventures,available,20.99,59.99,high,low,8,namesilo,,,29/09/2026 06:25
0907d24c-58ef-4bba-a3ea-f35233a546cd,ocher.ventures,available,5.98,75.98,medium,low,5,namecheap,,,04/09/2026 00:31
4e087e52-4fbb-4521-a46a-7a4080c3008a,internally.ventures,available,5.98,75.98,medium,low,10,namecheap,,,15/09/2026 09:01
b80fda2e-7e0a-425c-b6d0-4879fa7dfa37,dendroid.ventures,available,5.98,75.98,medium,low,8,namecheap,,,06/08/2026 13:50
6badfd55-d962-4062-8248-e252d558d0d6,losing.ventures,available,9.99,77.99,high,low,6,name.com,,,25/09/2026 11:49
31ebd154-8f2b-4f94-ad47-de84ca5b908e,apr.ventures,available,20.99,59.99,high,low,3,namesilo,,,19/09/2026 22:28
3bdc5093-1804-4c73-82bb-0401b065f7a2,trish.ventures,available,5.38,47.81,high,low,5,spaceship,,,02/10/2026 00:26
3f1f538b-6b50-4f93-869a-7027b12e4178,trough.ventures,available,20.99,59.99,high,low,6,namesilo,,,30/09/2026 17:31
0b54ae12-fef7-42c6-a1bc-c0b4d93ed50a,biomedical.ventures,available,5.98,75.98,high,low,10,namecheap,,,10/08/2026 02:15
0b5e1461-8b1f-44eb-99c9-100a7b586811,lavatory.ventures,available,5.98,75.98,high,low,8,namecheap,,,09/09/2026 02:14
66e7733e-63e5-4a80-9885-c405119ee5fa,magdalena.ventures,available,5.38,47.81,medium,low,9,spaceship,,,28/09/2026 02:17
23c86f51-800f-444c-9f75-88ef3e0db8db,restoring.ventures,available,5.38,47.81,medium,low,9,spaceship,,,30/09/2026 15:39
682c93a2-dd61-4750-8206-dfdd6476bda5,disaster.ventures,available,20.99,59.99,high,low,8,namesilo,,,24/09/2026 11:38
b5a41f75-647d-4491-a650-462f289a120d,rube.ventures,available,5.98,75.98,medium,low,4,namecheap,,,21/08/2026 08:03
488ec073-6291-4de5-a282-c863fc01b566,adz.ventures,available,20.99,59.99,medium,low,3,namesilo,,,17/09/2026 12:01
9d50584b-adfe-41ba-852b-e5f20809a1e2,quote.ventures,available,46.2,46.2,high,low,5,cloudflare,,,30/09/2026 00:19
a61876b7-acee-45d7-aac7-becdae20003b,spencer.ventures,available,5.38,47.81,high,low,7,spaceship,,,27/09/2026 14:02
c6c24025-ca5c-4bf1-90d1-676332d79e8d,whom.ventures,available,19.99,,medium,low,4,name.com,,,
4cefef50-c928-4987-aa47-112498ce3ab4,traceable.ventures,available,5.98,75.98,high,low,9,namecheap,,,11/09/2026 18:33
f5677387-8dfb-4198-a821-d8187d4ef13e,anniversary.ventures,available,20.99,59.99,high,low,11,namesilo,,,01/10/2026 01:18
2a3f36a7-98e1-4169-8a29-afbdf270c959,daytona.ventures,available,20.99,59.99,high,low,7,namesilo,,,28/09/2026 04:21
f0ebc16e-0bca-456a-a2e5-e8179ec8dd16,spinoza.ventures,available,20.99,59.99,high,low,7,namesilo,,,22/09/2026 09:34
62d3c659-9426-448d-9765-11a35462dbed,pensive.ventures,available,5.98,75.98,medium,low,7,namecheap,,,11/08/2026 06:00
02d84085-b6f6-4822-93cb-dc1a088b047c,flat.ventures,available,20.99,59.99,high,low,4,namesilo,,,21/09/2026 12:19
baafcf91-7eeb-4bbc-9f55-0074f8b2d361,esthesis.ventures,available,5.98,75.98,low,low,8,namecheap,,,17/09/2026 13:28
88a9b648-eca7-4813-be72-eec0e3b9d00b,unloosen.ventures,available,5.98,75.98,medium,low,8,namecheap,,,18/08/2026 14:36
1c511d59-3e11-4f95-8450-c46cc8ab1153,aranyaka.ventures,available,20.99,59.99,medium,low,8,namesilo,,,20/09/2026 00:08
89400686-ba34-4d43-b727-c48cd51b63a6,tahitian.ventures,available,5.98,75.98,high,low,8,namecheap,,,11/09/2026 07:06
f4aa8858-f700-47d2-8be8-26dee822c6a9,snowman.ventures,available,20.99,59.99,high,low,7,namesilo,,,02/10/2026 06:27
fb252d7f-2479-4392-a58e-a7560d280d3c,cordial.ventures,available,5.98,75.98,high,low,7,namecheap,,,21/09/2026 21:39
7f4b8a86-4343-4b29-9c59-cc158652bb8d,discussions.ventures,available,5.38,47.81,medium,low,11,spaceship,,,29/09/2026 16:36
7d8aae66-346e-48d0-85fd-8cf7bfbbcbc8,semiotical.ventures,available,5.98,75.98,medium,low,10,namecheap,,,10/09/2026 03:15
1bdc6a00-0b26-44b7-b2fb-ebff64b5a98f,sunshade.ventures,available,20.99,59.99,high,low,8,namesilo,,,21/09/2026 10:14
57454ca8-976a-4189-902c-3bf1f46224cf,miao.ventures,available,5.98,75.98,high,low,4,namecheap,,,21/08/2026 10:03
009cddf3-ba6d-4198-91b0-daa45f1b06f1,attenuator.ventures,available,20.99,59.99,medium,low,10,namesilo,,,21/09/2026 01:34
78bb54e9-7446-430a-9f81-ed6344752168,alliances.ventures,available,5.66,47.89,medium,low,9,porkbun,,,02/10/2026 22:21
6d269821-6fff-44e5-94ce-19fa19b91c3a,pondered.ventures,available,20.99,59.99,medium,low,8,namesilo,,,18/09/2026 02:08
275d712e-21c1-4bb3-9f53-61546f6dc113,carrying.ventures,available,46.2,46.2,high,low,8,cloudflare,,,01/10/2026 19:14
c04fde47-8ba7-46f9-b6ee-048d57aea254,weaver.ventures,available,46.2,46.2,high,low,6,cloudflare,,,28/09/2026 03:16
8c5ca335-f015-4451-bc21-c529ae36b55d,commoner.ventures,available,5.57,49.44,high,low,8,dynadot,,,03/10/2026 00:04
91dc51ce-abb9-430f-8f8c-6f03d506da4c,bize.ventures,available,5.98,75.98,medium,low,4,namecheap,,,23/09/2026 21:41
cc6476ac-86a9-4b99-bbaf-46cf714db6b3,beloit.ventures,available,5.38,47.81,medium,low,6,spaceship,,,29/09/2026 22:33
53672a75-09b4-4920-b1b3-66ded6120947,chicken.ventures,available,20.99,59.99,high,low,7,namesilo,,,23/09/2026 14:11
81808c40-04ba-4d57-9f31-6967da2179c9,ache.ventures,available,5.98,75.98,medium,low,4,namecheap,,,
4419815a-37d9-4b67-9157-45a4a07b0b26,aesop.ventures,available,20.99,59.99,medium,low,5,namesilo,,,17/09/2026 13:24
5f437012-f90a-4416-ae7d-357eb102fef5,taliban.ventures,available,20.99,59.99,high,low,7,namesilo,,,27/09/2026 05:35
bf226b87-e353-4c94-8a72-3b69159d36a5,sunk.ventures,available,5.98,75.98,medium,low,4,namecheap,,,11/09/2026 01:50
c962105d-0412-4501-90ec-6acb16ed3fa3,dented.ventures,available,5.98,75.98,medium,low,6,namecheap,,,13/08/2026 09:08
1eefe4b7-a429-49d6-9c67-b9d472a57023,row.ventures,resell,,,high,low,3,"GoDaddy.com, LLC",30/05/2023 02:30,30/05/2027 02:30,26/09/2026 08:45
2f5ed9dd-06a8-4106-8d83-a861e57926b4,detonation.ventures,available,5.38,47.81,medium,low,10,spaceship,,,30/09/2026 08:10
dbc9e497-a4cb-4bec-a616-fad94a9ab65b,barak.ventures,available,5.98,75.98,medium,low,5,namecheap,,,30/09/2026 20:54
93e04fc6-8989-450c-9294-b5cf84a9b4df,strip.ventures,available,5.98,75.98,high,low,5,namecheap,,,24/09/2026 05:53
3a0fd5cc-8cbf-4937-98f1-6247a0d416fb,dalmatian.ventures,available,9.99,77.99,high,low,9,name.com,,,13/08/2026 16:00
3f251311-ab45-4050-8a37-495ebde511dc,keenness.ventures,available,20.99,59.99,high,low,8,namesilo,,,21/09/2026 09:30
2b1bab69-5dcf-4921-83ef-434bf6556476,duchamp.ventures,available,5.57,49.44,medium,low,7,dynadot,,,01/10/2026 19:16
a48082a4-a6c3-41fc-8d19-8dc99de9b1d3,interviewed.ventures,available,46.2,46.2,low,low,11,cloudflare,,,28/09/2026 18:11
944e7a22-6023-443d-917c-7e44f398b931,olof.ventures,available,46.2,46.2,medium,low,4,cloudflare,,,02/10/2026 00:16
d6f8df0d-f4a7-4e99-bd9b-5208bcda2d68,inman.ventures,available,5.38,47.81,medium,low,5,spaceship,,,29/09/2026 15:42
bc23f228-836a-402e-861e-258c19f13443,stemma.ventures,available,5.98,75.98,medium,low,6,namecheap,,,08/09/2026 13:29
14bcebdb-0e44-4572-9fcf-06baed5ffa60,masses.ventures,available,5.98,75.98,high,low,6,namecheap,,,29/09/2026 22:51
209d0dbb-5888-49c2-af1c-92cd70f61aa4,makin.ventures,available,5.66,47.89,high,low,5,porkbun,,,02/10/2026 05:42
756caf15-379c-4685-97a7-a249d51cd09d,dumbbell.ventures,available,20.99,59.99,high,low,8,namesilo,,,24/09/2026 06:44
4d83f286-9f40-4420-9562-cfe5b902a5c4,prefix.ventures,available,5.38,47.81,high,low,6,spaceship,,,30/09/2026 18:23
7323328d-7ac5-4a8f-81fd-50bc6a9788b5,imitation.ventures,available,5.98,75.98,high,low,9,namecheap,,,18/08/2026 00:14
a15a392b-30cf-40a7-b2e1-941ce1794020,assegai.ventures,available,20.99,59.99,medium,low,7,namesilo,,,20/09/2026 15:40
d586a7c7-0d16-4dce-878c-4f07dab942f9,poindexter.ventures,available,5.38,47.81,high,low,10,spaceship,,,02/10/2026 17:48
1d18701b-dbc3-4e6c-824f-69933488ae02,alkaloid.ventures,available,20.99,59.99,medium,low,8,namesilo,,,18/09/2026 08:21
762fac93-9726-4f1b-b23a-e59b0fe54a4d,doj.ventures,available,5.38,47.81,medium,low,3,spaceship,,,29/09/2026 12:03
168d77b0-e521-4c3c-bbf3-f8371c470c94,lilian.ventures,available,5.57,49.44,medium,low,6,dynadot,,,29/09/2026 22:03
8da769b4-eb53-400a-aed2-8a2499423395,austenite.ventures,available,20.99,59.99,medium,low,9,namesilo,,,21/09/2026 04:39
81fb465c-7c58-40e8-893d-2e08f5170405,ritter.ventures,available,46.2,46.2,high,low,6,cloudflare,,,01/10/2026 22:24
1fce6815-2b06-45c1-a3b8-2243ae4f4049,cursively.ventures,available,5.98,75.98,medium,low,9,namecheap,,,14/09/2026 10:07
d1092272-2dc6-4bba-9d14-5df6a1e65ac9,papaw.ventures,available,20.99,59.99,medium,low,5,namesilo,,,20/09/2026 14:12
21a4287e-4984-4b5f-a4bd-10d4f0dab8c9,sulphuric.ventures,available,5.98,75.98,medium,low,9,namecheap,,,11/09/2026 01:27
04df0f40-7f6e-4675-b2bc-099d50d2fa56,shs.ventures,available,5.38,47.81,high,low,3,spaceship,,,30/09/2026 20:29
5603a401-b7c9-49f1-96b2-b7946566f8c0,toroidal.ventures,available,5.98,75.98,medium,low,8,namecheap,,,11/09/2026 17:55
f99dc37a-edf2-4005-8aca-d61976ddf16c,plainly.ventures,available,5.98,75.98,high,low,7,namecheap,,,08/09/2026 20:28
70df0742-ad8b-4cd4-9ad9-673fbeb25960,dragons.ventures,resell,,,medium,low,7,,,,28/09/2026 12:57
1dae6e41-3403-4e3d-aa3a-31321f5ec6d9,sweetness.ventures,available,46.2,46.2,high,low,9,cloudflare,,,29/09/2026 00:59
ef54edf2-7c94-4c7e-b7c8-a16336381d6c,flaring.ventures,available,5.98,75.98,high,low,7,namecheap,,,
c07520e7-5425-416d-a95e-5c299e2308e4,jpl.ventures,available,5.38,47.81,medium,low,3,spaceship,,,01/10/2026 07:58
a139f34f-ef3d-4c1d-bf87-8ccc3a07529f,sax.ventures,available,20.99,59.99,high,low,3,namesilo,,,17/09/2026 09:36
9a512f75-07e6-407c-9c70-27090d18848a,unlovable.ventures,available,5.98,75.98,medium,low,9,namecheap,,,12/09/2026 15:08
4a0062a1-42e4-4045-9b8d-3aea2d34954c,stopping.ventures,available,20.99,59.99,high,low,8,namesilo,,,30/09/2026 12:09
8e1a9cc7-08b5-4496-93c2-4ef2821efad1,nohow.ventures,available,5.98,75.98,low,low,5,namecheap,,,15/09/2026 16:44
cab459bf-dd58-44f8-93b1-2d57aabb4e79,venerable.ventures,available,5.98,75.98,high,low,9,namecheap,,,27/09/2026 14:05
8eeda7fb-a93e-405d-a4aa-4c929670b051,column.ventures,available,20.99,59.99,high,low,6,namesilo,,,19/09/2026 04:50
6fa765fc-d684-414b-983f-22ed80f8b5b1,sca.ventures,available,46.2,46.2,high,low,3,cloudflare,,,30/09/2026 20:27
4453a1c2-e149-4aa2-afb6-5aa56ce8f977,apolitical.ventures,available,5.98,75.98,medium,low,10,namecheap,,,06/08/2026 02:02
64c5dd6f-b200-4f7a-8d16-90c6deb5da71,slave.ventures,available,46.2,46.2,high,low,5,cloudflare,,,29/09/2026 22:14
406816cf-5443-4583-b8f5-52dc235f8767,multilingual.ventures,available,5.98,75.98,high,low,12,namecheap,,,29/09/2026 20:52
1b384e2d-6770-4f72-9b64-a83d27162014,keyser.ventures,available,20.99,59.99,medium,low,6,namesilo,,,01/10/2026 11:13
2db5d21d-75bd-43a6-b2fd-91cd8d2e4a0a,greatest.ventures,available,5.98,75.98,high,low,8,namecheap,,,20/08/2026 19:40
d528de3b-010a-4b35-a638-42cb4325fda5,auspicious.ventures,available,5.98,75.98,high,low,10,namecheap,,,22/09/2026 13:12
8e76a968-3f72-4ac7-8c9f-326a1aeed363,burning.ventures,available,5.98,75.98,high,low,7,namecheap,,,23/09/2026 11:45
3b41417e-dc20-434b-ba75-ae5af10aaf3d,spleen.ventures,available,29.99,101.99,high,low,6,godaddy,,,30/09/2026 02:01
f89a9125-fcc8-43c2-9b13-964230c9b03a,edinburgh.ventures,available,46.2,46.2,high,low,9,cloudflare,,,29/09/2026 12:09
1435ae49-95bc-40e7-95cf-07f7dc49cbfa,asimina.ventures,available,20.99,59.99,medium,low,7,namesilo,,,20/09/2026 14:10
5fe7f4d1-ab92-4ac2-b44a-4c846a3e4bb0,humphrey.ventures,available,20.99,59.99,high,low,8,namesilo,,,25/09/2026 14:49
a713beac-fc02-46c8-a1cf-ca034c041011,burnt.ventures,available,20.99,59.99,high,low,5,namesilo,,,23/09/2026 11:41
c087f05e-07a1-4738-813e-1158c1b95570,tallahassee.ventures,available,20.99,59.99,high,low,11,namesilo,,,02/10/2026 08:29
2646e07b-026c-4d8f-9e3c-835f3ea5aeff,repaired.ventures,available,5.38,47.81,medium,low,8,spaceship,,,28/09/2026 23:01
2e189043-5d6a-41a6-92e6-780d3c1ad0e4,nisi.ventures,available,5.98,75.98,medium,low,4,namecheap,,,03/09/2026 17:44
409034e6-d65d-4971-bd23-d8e8ef656322,advancement.ventures,available,20.99,59.99,high,low,11,namesilo,,,29/09/2026 10:15
092491f7-9756-40d0-a108-0bde7938de1d,hee.ventures,available,5.38,47.81,high,low,3,spaceship,,,29/09/2026 21:26
ccbbe650-526b-496d-88ca-5d070e924c4d,transport.ventures,available,46.2,46.2,high,low,9,cloudflare,,,02/10/2026 11:57
2a802389-5c0d-4ebd-b04a-75bf2411645e,frida.ventures,available,5.66,47.89,high,low,5,porkbun,,,02/10/2026 08:57
9acd2234-360d-4ce8-8f2a-dbd51267f872,breda.ventures,available,5.38,47.81,medium,low,5,spaceship,,,30/09/2026 21:05
4f663189-41e5-436d-8c97-e7b6d64a198c,weimar.ventures,available,20.99,59.99,medium,low,6,namesilo,,,26/09/2026 00:31
be7994b1-6f65-41ce-b559-713e3c693adc,aphorist.ventures,available,20.99,59.99,medium,low,8,namesilo,,,19/09/2026 17:11
aca98e0b-bf8a-4dfe-b02b-7ea528c291b3,conde.ventures,available,5.38,47.81,medium,low,5,spaceship,,,29/09/2026 09:06
c61b3286-fee8-44fd-a903-ee14f0002725,stockholder.ventures,available,20.99,59.99,high,low,11,namesilo,,,02/10/2026 07:17
0805bf89-d6a5-4b90-91f2-b51cdca52f97,juror.ventures,available,46.2,46.2,high,low,5,cloudflare,,,01/10/2026 20:11
29458dc9-7348-4fc6-b4be-15492ae19fa4,germicidal.ventures,available,5.98,75.98,medium,low,10,namecheap,,,08/08/2026 07:07
ff26806c-e6f3-457f-a274-2570aab03fab,pantie.ventures,available,5.98,75.98,medium,low,6,namecheap,,,09/09/2026 22:40
feff6dee-a22b-48c1-ae90-fc8c56008c64,catered.ventures,available,20.99,59.99,medium,low,7,namesilo,,,20/09/2026 17:04
830612d7-eb52-4ef2-9aa1-7a18b9c260aa,nourishment.ventures,available,5.38,47.81,high,low,11,spaceship,,,30/09/2026 22:35
127cd4cb-6e63-49e7-b6c7-0855a14d8491,smalley.ventures,available,5.38,47.81,medium,low,7,spaceship,,,02/10/2026 16:36
b1cdf1ab-eeac-46b0-b695-8f5e0e20ab8b,airflow.ventures,available,20.99,59.99,high,low,7,namesilo,,,17/09/2026 22:13
7799c507-944a-4d6a-a74e-f32d82403629,chalmers.ventures,available,46.2,46.2,medium,low,8,cloudflare,,,27/09/2026 20:38
6c4eb942-419c-4b3e-8808-9fb61d4e5882,anklets.ventures,available,5.98,75.98,medium,low,7,namecheap,,,19/09/2026 09:46
1ca0901c-68a6-47eb-9cca-45fad17d43fa,technology.ventures,resell,,,high,low,10,"GoDaddy.com, LLC",04/02/2014 04:58,04/02/2027 04:58,02/10/2026 16:11
d4c21a08-941b-4563-bb59-b11a3022b6cd,arariba.ventures,available,5.98,75.98,medium,low,7,namecheap,,,20/09/2026 00:13
624a34f3-5476-47e6-bf36-b185a82d3dc5,rhenish.ventures,available,5.98,75.98,medium,low,7,namecheap,,,09/09/2026 16:29
71662e4d-22a1-414f-a3ec-e09e2f6968b8,satiny.ventures,available,5.98,75.98,medium,low,6,namecheap,,,09/09/2026 21:41
33b7e90a-49fd-4c44-be12-8cb3458bc222,meanings.ventures,available,5.98,75.98,medium,low,8,namecheap,,,01/10/2026 17:35
c082a6f2-f565-4625-b30f-7675c2caa4ae,decisive.ventures,available,5.98,75.98,high,low,8,namecheap,,,13/08/2026 21:36
474f63cf-6c85-44db-8e9e-5e9004e93dcf,trilled.ventures,available,5.98,75.98,medium,low,7,namecheap,,,09/09/2026 18:19
4d9b1d5b-0a4c-4b46-8ef9-831aca88de08,undertaking.ventures,available,46.2,46.2,high,low,11,cloudflare,,,29/09/2026 21:13
4967d7f2-bf36-4b71-a06b-39ffb5982a57,nourished.ventures,available,5.98,75.98,high,low,9,namecheap,,,03/09/2026 22:12
ce4331a6-42ae-4670-8622-c95c71573ea2,aliquot.ventures,available,5.98,75.98,medium,low,7,namecheap,,,
2553a527-1630-45e8-9b37-4b504270559d,neighbors.ventures,available,5.98,75.98,high,low,9,namecheap,,,18/09/2026 09:55
a4e40e5b-a807-4ab8-bb84-72a0c0ff8838,greasy.ventures,available,5.98,75.98,medium,low,6,namecheap,,,20/08/2026 19:35
74c91292-2c27-46cd-ac28-62320405f865,acupuncture.ventures,available,5.57,49.44,high,low,11,dynadot,,,02/10/2026 17:27
1c089ca1-af8e-4de1-b649-ffc9d6e178c4,cloudiness.ventures,available,5.98,75.98,medium,low,10,namecheap,,,04/09/2026 20:28
cad8c8cd-521e-4c39-b570-495082c7209b,cistercian.ventures,available,5.38,47.81,medium,low,10,spaceship,,,29/09/2026 18:21
fbafa287-a1d1-46b7-89c1-5d4d63ed312b,bordered.ventures,available,20.99,59.99,medium,low,8,namesilo,,,22/09/2026 23:55
7749c4e9-7a9c-4110-b1bf-ee8ff24a476c,ebonics.ventures,available,20.99,59.99,medium,low,7,namesilo,,,16/09/2026 13:39
1c6a1fb7-2929-4081-aef8-c8182ec8e3c8,biker.ventures,available,5.57,49.44,high,low,5,dynadot,,,01/10/2026 22:31
9fe24a34-3fb4-4c82-98eb-0fa3ea96c669,generally.ventures,available,46.2,46.2,medium,low,9,cloudflare,,,28/09/2026 13:35
210f998f-42bb-4e58-8db8-18b6341fd522,perverse.ventures,available,5.98,75.98,medium,low,8,namecheap,,,14/08/2026 02:31
441879fc-aef8-431a-8c30-4a2e244b3f31,investigator.ventures,available,5.98,75.98,high,low,12,namecheap,,,28/09/2026 03:35
99f40238-be64-40c9-9dcc-27c33034bee3,chum.ventures,available,29.99,101.99,high,low,4,godaddy,,,01/10/2026 01:13
965f9810-5e35-4f36-8ae7-4f493d6624c3,tantalum.ventures,available,5.98,75.98,medium,low,8,namecheap,,,20/09/2026 23:42
597f0d1a-6415-4de9-99cd-569c7011dc8a,jument.ventures,available,5.98,75.98,medium,low,6,namecheap,,,22/09/2026 21:27
f9214044-fe8a-4a5b-93c0-736bc2da9e44,tamely.ventures,available,20.99,59.99,medium,low,6,namesilo,,,16/09/2026 07:53
bd1b93ed-c07a-4267-8d78-21a1de5969d0,daggett.ventures,available,5.66,47.89,medium,low,7,porkbun,,,02/10/2026 00:55
c4c1ff55-9833-4794-8922-45dac6c9f1a0,hominid.ventures,available,5.98,75.98,medium,low,7,namecheap,,,21/08/2026 12:39
7f221ead-88eb-43b5-be80-425a865e46c6,counterfeits.ventures,available,5.98,75.98,low,low,12,namecheap,,,19/09/2026 21:40
256dbe1b-80f8-4a66-8cb4-f1d28b07ad03,customization.ventures,available,20.99,59.99,medium,low,13,namesilo,,,30/09/2026 22:42
a46157cf-7b46-49b3-b03e-089f5d1940cc,wads.ventures,available,5.98,75.98,high,low,4,namecheap,,,14/09/2026 23:30
23390e2c-2032-4f05-8c79-68fcd6150edb,assamese.ventures,available,5.98,75.98,medium,low,8,namecheap,,,07/08/2026 05:38
d71b985b-0b6f-4e7b-ba73-73526489f748,cagy.ventures,available,5.98,75.98,medium,low,4,namecheap,,,11/08/2026 13:21
533e1df4-2c22-4f5c-bbf4-1147c7a7c5c8,asbestos.ventures,available,20.99,59.99,high,low,8,namesilo,,,20/09/2026 12:54
421c7793-51d5-4116-88c7-8a625e4e0a6c,lifted.ventures,available,5.98,75.98,high,low,6,namecheap,,,23/08/2026 02:39
0c6bcaa0-1b39-47db-a304-f8d18271ab0c,venter.ventures,available,20.99,59.99,medium,low,6,namesilo,,,16/09/2026 14:46
167c78e2-d7b0-4892-a4ed-c56949ffb4be,dishonour.ventures,available,5.57,49.44,medium,low,9,dynadot,,,29/09/2026 15:45
29f88204-d001-4420-b100-cb2863208570,ashok.ventures,available,20.99,59.99,medium,low,5,namesilo,,,01/10/2026 12:17
30289f6d-4a71-42dd-9c2b-7aa268293bbc,undiluted.ventures,available,5.98,75.98,medium,low,9,namecheap,,,12/09/2026 08:03
f3596440-b4b5-47a9-911e-7792957f7416,litton.ventures,available,20.99,59.99,medium,low,6,namesilo,,,02/10/2026 00:54
0aef3369-1ee7-49ae-8cf3-e53498858728,profiling.ventures,available,5.38,47.81,high,low,9,spaceship,,,01/10/2026 21:21
9083d2b1-d516-488e-9bf5-40415eb6de4a,bookish.ventures,available,5.98,75.98,high,low,7,namecheap,,,10/08/2026 19:09
02ee9d9d-1e93-4320-b43d-0aab152f29ad,anyway.ventures,available,20.99,59.99,high,low,6,namesilo,,,28/09/2026 12:17
e9eee9ad-66df-4a0b-bfb3-00dfb083e878,announced.ventures,available,20.99,59.99,high,low,9,namesilo,,,22/09/2026 05:10
e30bdebb-2574-41fb-9322-7962b2ce08b5,obstacles.ventures,available,5.66,47.89,low,low,9,porkbun,,,29/09/2026 05:04
0e2842a5-bbeb-4ae0-82fa-f2272cfcd545,hitter.ventures,available,20.99,59.99,high,low,6,namesilo,,,22/09/2026 14:18
a34073a5-cd43-4350-b8c1-2a5055f350ca,wahoo.ventures,available,5.98,75.98,medium,low,5,namecheap,,,16/09/2026 20:48
7505fd1c-bc7e-4ef2-aed8-bb6e26d120b4,bicycler.ventures,available,20.99,59.99,medium,low,8,namesilo,,,23/09/2026 13:23
9b7fa845-c7cb-48fd-8ea6-a6e58a80caf4,accidents.ventures,available,20.99,59.99,medium,low,9,namesilo,,,28/09/2026 05:03
e09a3ee3-2c3b-41ba-ac93-7e0790a7c0b0,grimsby.ventures,available,46.2,46.2,medium,low,7,cloudflare,,,30/09/2026 04:49
bd7ec0ea-4e5e-47d8-ac2e-a24bba09898c,edged.ventures,available,9.99,77.99,medium,low,5,name.com,,,13/08/2026 13:14
fd8da69c-b24c-4f75-a3aa-8fa6ce22c82b,kandahar.ventures,available,20.99,59.99,medium,low,8,namesilo,,,01/10/2026 02:47
8f942831-3550-4016-9965-57482bd06c66,darker.ventures,available,20.99,59.99,low,low,6,namesilo,,,28/09/2026 23:20
4c418fb1-668b-4d4f-9c0f-826cdf836e55,minister.ventures,available,5.98,75.98,high,low,8,namecheap,,,24/09/2026 20:20
f6d46f80-ece0-4eae-9e60-430867f33a9b,projecting.ventures,available,5.98,75.98,high,low,10,namecheap,,,22/08/2026 14:48
196062f2-a72d-402d-b3f5-105a154f0cfb,auctioneer.ventures,available,20.99,59.99,high,low,10,namesilo,,,21/09/2026 02:42
9a649551-35fa-4b09-89c3-f7a2eb0938a5,fulgurous.ventures,available,9.99,77.99,medium,low,9,name.com,,,13/08/2026 19:01
bc78be63-f2eb-40c1-90e7-0e9d16cac143,almost.ventures,available,5.38,47.81,high,low,6,spaceship,,,28/09/2026 11:54
bf3864e0-7e34-410c-ace1-a77e94d06354,unilateral.ventures,available,5.98,75.98,medium,low,10,namecheap,,,12/09/2026 12:59
47db67b9-c7fc-480f-ae9e-5f9c757cb339,serbs.ventures,available,20.99,59.99,medium,low,5,namesilo,,,20/09/2026 12:11
e3cc9b15-9c18-4a2b-ab94-02c81ce3a2b9,zippy.ventures,available,5.98,75.98,high,low,5,namecheap,,,11/08/2026 04:35
4a03485a-2047-4cc8-9bed-be5988ec2b8b,fisher.ventures,available,20.99,59.99,high,low,6,namesilo,,,24/09/2026 00:24
864784b9-09f6-4e3c-a15b-888de63ab88c,robe.ventures,available,5.57,49.44,high,low,4,dynadot,,,28/09/2026 06:41
1ce81ecb-c10b-4da9-a604-cc3dd92d75a9,cuddly.ventures,available,5.98,75.98,high,low,6,namecheap,,,13/08/2026 10:11
9cd9f7ec-bc3e-4ea0-8ad8-af97544a230f,southey.ventures,available,5.38,47.81,medium,low,7,spaceship,,,01/10/2026 21:34
dc9c2914-6000-47f3-baa0-45dc548fdd7a,philemon.ventures,available,20.99,59.99,medium,low,8,namesilo,,,02/10/2026 15:00
35f5d014-dee9-4c0a-b583-6bb70f44a6e1,trees.ventures,available,20.99,59.99,high,low,5,namesilo,,,25/09/2026 14:56
078dc9a2-d6da-4428-ba23-b3c83a8dc710,arianrhod.ventures,available,20.99,59.99,medium,low,9,namesilo,,,20/09/2026 05:14
aa9dc4af-ff1f-46d8-b869-c0a374b16aff,whence.ventures,available,20.99,59.99,medium,low,6,namesilo,,,16/09/2026 11:28
50f568a7-3ed2-4454-8361-a0c5ae637982,imbalance.ventures,available,9.99,77.99,medium,low,9,name.com,,,20/09/2026 18:40
df597e7a-1be2-44bf-9d14-a889bfe8175f,leaders.ventures,available,5.57,49.44,high,low,7,dynadot,,,30/09/2026 02:31
1bb0e65c-166d-4ee0-a089-c45210e8d11d,slovakian.ventures,available,5.98,75.98,medium,low,9,namecheap,,,10/09/2026 11:16
8a327f96-45a1-4dec-94d0-f4ad381ac6b5,rok.ventures,available,5.38,47.81,high,low,3,spaceship,,,29/09/2026 08:31
7b9d28f0-e2b7-4f5f-8341-d91980920177,hyundai.ventures,available,5.38,47.81,high,low,7,spaceship,,,29/09/2026 09:13
6656cd33-dd58-49b1-872a-c364d5e15bac,sufism.ventures,available,20.99,59.99,medium,low,6,namesilo,,,01/10/2026 21:54
b4f63ef1-8dca-4c02-86e4-d3963f3369a7,rawlins.ventures,available,5.38,47.81,medium,low,7,spaceship,,,01/10/2026 12:10
c3b08b3b-dbc3-4015-989e-e6b00c500107,thun.ventures,available,20.99,59.99,medium,low,4,namesilo,,,03/10/2026 05:51
a4fba160-062c-45eb-b902-5a14c0a603e7,burry.ventures,available,5.98,75.98,medium,low,5,namecheap,,,08/08/2026 17:29
93ba9fc5-ee10-4835-95bf-56973d758465,soggy.ventures,available,5.98,75.98,high,low,5,namecheap,,,10/08/2026 17:14
5777c5f6-709c-4105-8777-2bc7be445530,tactics.ventures,available,20.99,59.99,high,low,7,namesilo,,,01/10/2026 10:43
e516c2ce-ea15-4743-9c52-5537d0172874,horrify.ventures,available,20.99,59.99,medium,low,7,namesilo,,,18/09/2026 01:56
7e953d62-3c0e-4977-abbf-d28789a5a14d,rupicolous.ventures,available,5.98,75.98,medium,low,10,namecheap,,,09/09/2026 19:41
efcb5510-8eda-4f6a-873e-5fdae41e3518,acerose.ventures,available,5.98,75.98,medium,low,7,namecheap,,,
eec72d3f-2cb0-451f-85c2-bce8d6bacef2,apostle.ventures,available,9.99,77.99,high,low,7,name.com,,,19/09/2026 19:18
3a028899-741e-4cf2-a073-65c66a21f4dd,balaton.ventures,available,9.99,77.99,medium,low,7,name.com,,,21/09/2026 21:18
5669d6ac-83e9-41a8-a2e8-116f1084e79d,rancor.ventures,available,20.99,59.99,medium,low,6,namesilo,,,23/09/2026 23:05
3239bea8-ef13-43ae-bd9a-36d9bad4c049,mandalay.ventures,available,5.98,75.98,high,low,8,namecheap,,,01/10/2026 02:58
d6c71e47-b984-4091-bf4f-6549bef34a8c,agee.ventures,available,20.99,59.99,medium,low,4,namesilo,,,17/09/2026 16:52
f63460dd-e16e-46ae-be70-55de7b70fcba,pummel.ventures,available,5.98,75.98,medium,low,6,namecheap,,,23/09/2026 13:52
407b8c77-5cfb-4a57-85a8-4bf43d4d2976,galbraith.ventures,available,5.38,47.81,medium,low,9,spaceship,,,29/09/2026 07:01
9919c094-18c8-46e4-bdbd-435bdedfaea2,fearlessly.ventures,available,5.98,75.98,medium,low,10,namecheap,,,14/09/2026 10:44
e4ac86fa-3153-46c1-9866-54890d530e73,transexual.ventures,available,5.98,75.98,medium,low,10,namecheap,,,11/09/2026 19:01
a143586b-e252-428e-934d-0632de84d201,eleazar.ventures,available,20.99,59.99,medium,low,7,namesilo,,,02/10/2026 09:32
f0687aa2-2970-424c-b34a-524b63fecbf3,handyman.ventures,available,20.99,59.99,high,low,8,namesilo,,,03/10/2026 01:09
3b8dbcc2-7884-4f2a-a4f6-2979c72a236b,cbo.ventures,available,46.2,46.2,high,low,3,cloudflare,,,30/09/2026 04:30
e3434cfc-6656-4c76-9b74-d53e4f952d9c,chickens.ventures,available,20.99,59.99,medium,low,8,namesilo,,,27/09/2026 22:56
bd631bf8-803c-4003-a04f-0285017c007e,infidel.ventures,available,5.98,75.98,medium,low,7,namecheap,,,18/08/2026 21:58
cd5d36d4-296f-4df1-9e6e-4fed0de6adae,evening.ventures,available,5.98,75.98,high,low,7,namecheap,,,24/09/2026 15:27
3e7961b7-26be-4155-a5b3-8e704ca3c229,shu.ventures,available,5.38,47.81,medium,low,3,spaceship,,,27/09/2026 21:11
23503d4b-c22c-40d5-97f1-8464e6432dc4,crossly.ventures,available,5.98,75.98,low,low,7,namecheap,,,14/09/2026 09:42
702b68c4-fd48-4502-85f2-a4d67cb14f06,righteous.ventures,available,5.38,47.81,high,low,9,spaceship,,,27/09/2026 15:12
d64d19c3-cf39-4e8d-9915-5ca586b46279,waterflow.ventures,available,5.38,47.81,high,low,9,spaceship,,,02/10/2026 06:09
d6aeecfe-29c9-4585-91ec-2659dff54362,contour.ventures,available,20.99,59.99,high,low,7,namesilo,,,24/09/2026 17:43
49f1aff2-51eb-4230-b7b5-46e018cefccd,endocrine.ventures,available,5.98,75.98,high,low,9,namecheap,,,17/08/2026 01:00
0feeda4e-1e18-4bf5-9c4d-ec95b1f81a2d,quo.ventures,available,5.38,47.81,high,low,3,spaceship,,,02/10/2026 07:17
875b0b47-5284-43b5-817a-2ad4d5dc7019,glendale.ventures,available,5.38,47.81,high,low,8,spaceship,,,01/10/2026 10:33
6cfe3e90-2ce4-4d16-a97e-9e4a63ad3018,amenia.ventures,available,5.98,75.98,medium,low,6,namecheap,,,18/09/2026 18:47
d6f16db1-d6cb-4880-8596-7fa7bc1eaaa6,atilt.ventures,available,5.98,75.98,medium,low,5,namecheap,,,07/08/2026 13:13
06bafcfb-1b6f-4d8e-a727-6304868d0798,lucia.ventures,available,5.98,75.98,high,low,5,namecheap,,,28/09/2026 16:23
86fd0e30-5187-4d49-ae60-bb9eaecda153,grieve.ventures,available,5.57,49.44,medium,low,6,dynadot,,,01/10/2026 21:44
de1fd06b-0e9b-4514-8ad6-51e2bddd197a,operose.ventures,available,5.98,75.98,medium,low,7,namecheap,,,06/08/2026 17:05
516c0df7-545b-4a7f-b2ce-aa5e5cced937,divorcing.ventures,available,20.99,59.99,low,low,9,namesilo,,,17/09/2026 22:37
6d744d57-c2e6-422b-b46a-3743b66a74da,addressed.ventures,available,5.98,75.98,high,low,9,namecheap,,,
e10b08b7-20f6-4ca6-8c5f-44261c291fa6,blackpool.ventures,available,20.99,59.99,medium,low,9,namesilo,,,30/09/2026 05:52
0bb1eb32-ddd8-4182-ac22-7be3f914b649,appease.ventures,available,5.98,75.98,high,low,7,namecheap,,,18/08/2026 22:08
bc893698-45c8-441d-8c02-a530596a857c,pusan.ventures,available,20.99,59.99,high,low,5,namesilo,,,02/10/2026 16:27
78704830-eef8-413b-a86d-a380013baa13,stands.ventures,available,19.99,,medium,low,6,name.com,,,
bc10e70f-8ba3-433c-841f-9b010fb2fcc3,folksy.ventures,available,5.98,75.98,medium,low,6,namecheap,,,13/08/2026 04:22
bde9221b-e768-48d4-bfc6-7a8f6236a60f,antidotal.ventures,available,5.98,75.98,medium,low,9,namecheap,,,
dd34fcd5-fda2-4f3f-8f19-4e9bbd494b51,thakur.ventures,available,5.38,47.81,high,low,6,spaceship,,,02/10/2026 19:13
485cf927-6a7b-4602-881d-22c07a73eca2,arabic.ventures,available,20.99,59.99,high,low,6,namesilo,,,22/09/2026 07:33
d24a53c4-2323-4a52-9580-10b1894b6a87,drilled.ventures,available,5.98,75.98,medium,low,7,namecheap,,,14/08/2026 19:21
c264919a-1f46-4a8a-a7e9-ab81f0e3093e,dawkins.ventures,available,20.99,59.99,medium,low,7,namesilo,,,29/09/2026 15:39
84267808-a4c9-4ac2-a151-61cf88b7dad5,eviction.ventures,available,20.99,59.99,high,low,8,namesilo,,,24/09/2026 17:35
5a933b5f-2aa1-4501-b650-24cdddb52188,vigilante.ventures,available,5.38,47.81,high,low,9,spaceship,,,02/10/2026 06:38
eb3f02a2-85bb-4879-80b2-9116d107076a,herewith.ventures,available,5.98,75.98,medium,low,8,namecheap,,,15/09/2026 00:27
98ae701f-16b9-435f-b773-0b8592425728,enclothe.ventures,available,5.98,75.98,medium,low,8,namecheap,,,19/09/2026 19:54
cdcca58d-6783-49db-ba58-15e1627141b4,panoptic.ventures,available,5.98,75.98,medium,low,8,namecheap,,,
554bab82-b4dd-40c8-8742-ef79debb7987,reasonably.ventures,available,20.99,59.99,medium,low,10,namesilo,,,25/09/2026 11:58
f83c252a-d766-41a5-a283-e654e55e376a,earthborn.ventures,available,5.98,75.98,medium,low,9,namecheap,,,14/08/2026 22:35
6ac0d520-b730-43cc-8121-34257fe49335,nuprin.ventures,available,20.99,59.99,medium,low,6,namesilo,,,17/09/2026 11:20
0880d228-6947-4d57-82dc-80df25030a16,cynicism.ventures,available,5.98,75.98,medium,low,8,namecheap,,,24/09/2026 20:49
164bdbec-79c8-4d06-b5f9-daebc95908e2,solanum.ventures,available,5.38,47.81,high,low,7,spaceship,,,02/10/2026 05:03
8e1517d0-2488-47d1-aeb2-367ad7308cc9,heidegger.ventures,available,46.2,46.2,medium,low,9,cloudflare,,,28/09/2026 19:25
403a18e4-6048-4a14-8b31-37c958f1c9d6,hingham.ventures,available,5.38,47.81,medium,low,7,spaceship,,,02/10/2026 20:11
38dba1c3-07a0-45c6-a2c7-4bb0b7081755,grate.ventures,available,5.98,75.98,high,low,5,namecheap,,,20/08/2026 18:33
eca7e6a2-6cba-46c9-b2f2-ed1f267bc5e1,townsend.ventures,available,20.99,59.99,high,low,8,namesilo,,,25/09/2026 06:09
43cdca85-f11e-4588-b654-b701f020782c,hills.ventures,available,5.98,75.98,high,low,5,namecheap,,,17/09/2026 17:53
a62b2b3f-d825-4d85-bdce-e320770f6c12,parlor.ventures,available,20.99,59.99,high,low,6,namesilo,,,29/09/2026 07:00
2f581874-322a-43bb-9ce4-71d91311d937,waxy.ventures,available,5.98,75.98,medium,low,4,namecheap,,,09/08/2026 14:13
894db1ac-1acf-4b4c-911d-4f7786c990b8,literal.ventures,available,5.98,75.98,high,low,7,namecheap,,,25/09/2026 13:58
a1863dcf-bee5-4a4d-a7a1-58ded59f867b,saporous.ventures,available,5.98,75.98,medium,low,8,namecheap,,,18/08/2026 07:16
606fb394-5e9e-4f1c-8475-c286a877b656,ancestral.ventures,available,5.98,75.98,high,low,9,namecheap,,,
69fe69ed-41f1-4f87-97db-869fa5da111c,kashmir.ventures,available,20.99,59.99,high,low,7,namesilo,,,01/10/2026 02:42
b49626c0-25ef-4cbd-b47f-03e33f6a636a,wickedly.ventures,available,5.98,75.98,medium,low,8,namecheap,,,14/09/2026 16:40
3aa78d0a-0b89-46e5-98e8-3d0eb4a7d5c2,bark.ventures,available,5.98,75.98,high,low,4,namecheap,,,22/09/2026 06:15
9ef3f333-7139-4442-a449-d254ea75eaea,special.ventures,available,20.99,59.99,high,low,7,namesilo,,,24/09/2026 15:16
fc055ccc-ccee-41d5-94c0-5391d851372f,lizards.ventures,available,46.2,46.2,medium,low,7,cloudflare,,,30/09/2026 16:04
4b87be59-4254-41f3-9a88-560c81ef501c,textile.ventures,available,20.99,59.99,high,low,7,namesilo,,,28/09/2026 02:25
ade3c130-c147-4ce0-8f34-d06da1fc7b3b,bonny.ventures,available,5.98,75.98,medium,low,5,namecheap,,,10/08/2026 18:45
0cf39d97-44e4-41e8-8772-aef56eee0ff8,listens.ventures,available,20.99,59.99,medium,low,7,namesilo,,,29/09/2026 11:31
980699d9-c3ed-4516-bafb-5b50939049ad,allergic.ventures,available,20.99,59.99,high,low,8,namesilo,,,22/09/2026 01:25
28eed6ce-caef-4dd2-8454-f070d222779f,republicans.ventures,available,20.99,59.99,medium,low,11,namesilo,,,30/09/2026 06:30
74e0d1b6-2f09-455b-84b3-d108d705509d,arawak.ventures,available,5.98,75.98,medium,low,6,namecheap,,,06/08/2026 12:38
4a0b2bd7-54c2-4a59-bc01-23234634068e,turkmen.ventures,available,5.98,75.98,medium,low,7,namecheap,,,11/09/2026 21:19
601eccd1-815d-4a22-b122-8a711c2cd6dd,bata.ventures,available,5.98,75.98,medium,low,4,namecheap,,,22/09/2026 13:09
a8986980-6991-4fed-8be9-f23ad9c5d6d1,orchestral.ventures,available,5.98,75.98,high,low,10,namecheap,,,04/09/2026 17:42
f099d653-cbe6-4d5f-b4d7-b1ae5bcdd837,varanasi.ventures,available,5.38,47.81,medium,low,8,spaceship,,,02/10/2026 09:36
c9e3346e-fbfb-4343-9a81-fe5edff7cbd3,hose.ventures,available,5.57,49.44,medium,low,4,dynadot,,,28/09/2026 14:27